sep=;
ACCELEROMETER X (m/s²);ACCELEROMETER Y (m/s²);ACCELEROMETER Z (m/s²);GRAVITY X (m/s²);GRAVITY Y (m/s²);GRAVITY Z (m/s²);LINEAR ACCELERATION X (m/s²);LINEAR ACCELERATION Y (m/s²);LINEAR ACCELERATION Z (m/s²);GYROSCOPE X (rad/s);GYROSCOPE Y (rad/s);GYROSCOPE Z (rad/s);LIGHT (lux);MAGNETIC FIELD X (μT);MAGNETIC FIELD Y (μT);MAGNETIC FIELD Z (μT);ORIENTATION Z (azimuth °);ORIENTATION X (pitch °);ORIENTATION Y (roll °);PROXIMITY (i);SOUND LEVEL (dB);LOCATION Latitude : ;LOCATION Longitude : ;LOCATION Altitude ( m);LOCATION Altitude-google ( m);LOCATION Speed ( Kmh);LOCATION Accuracy ( m);LOCATION ORIENTATION (°);Satellites in range;Time since start in ms ;YYYY-MO-DD HH-MI-SS_SSS
0.3476;-2.2175;8.584;-1.2708;-1.2762;9.6399;0.0504;0.5225;0.9991;0.5827;-0.8433;0.4652;22.2;50.61;-29.92;14.23;241.19;8.25;9.74;5.0;35.95827;-83.92476;;NaN;;200.82637;;3 / 4;6;2022-11-11 14:48:27:867
-1.223;2.0297;10.9493;-0.4772;0.7761;9.7642;-0.0118;0.2822;0.8867;0.4987;0.4139;-0.1397;17.2;50.49;-28.39;-0.64;241.01;-4.54;2.8;5.0;35.95827;-83.92476;;NaN;;200.82637;;3 / 4;507;2022-11-11 14:48:28:368
-0.4759;1.0887;10.9062;-0.7644;1.8473;9.6007;-0.5711;-0.1611;-1.4175;0.4419;0.0955;0.2958;17.2;50.1;-33.06;1.61;237.16;-9.46;4.19;5.0;35.95827;-83.92476;;NaN;;200.82637;;0 / 0;1006;2022-11-11 14:48:28:867
-0.6867;1.1886;8.2953;-1.1466;0.5258;9.7252;0.4798;0.6924;-1.5781;0.3246;-0.5036;-0.1697;15.6;38.29;-35.36;2.34;227.48;-3.07;6.72;5.0;35.95827;-83.92476;;NaN;;200.82637;;0 / 0;1506;2022-11-11 14:48:29:367
-1.4955;0.6308;8.9686;-0.991;0.7334;9.7288;-0.3318;-0.2401;-0.7458;-0.0066;-0.1902;0.2158;15.6;18.56;-36.36;-19.82;205.98;-4.59;6.45;5.0;35.95827;-83.92476;;NaN;;200.82637;;0 / 2;2006;2022-11-11 14:48:29:867
-0.2318;1.4357;8.6321;-1.0382;1.5975;9.6198;1.0887;-1.1493;0.5892;0.2093;0.3503;-0.3125;13.6;12.17;-34.22;-19.14;198.1;-9.38;6.16;5.0;35.95827;-83.92476;;NaN;;200.82637;;0 / 2;2506;2022-11-11 14:48:30:367
-1.596;2.4927;10.4919;-1.5231;2.2978;9.4112;-0.1176;-0.0395;1.7414;0.3021;-0.3356;0.0667;13.6;-8.16;-23.16;-9.84;154.98;-13.55;9.19;5.0;35.95827;-83.92476;;NaN;;200.82637;;0 / 2;3007;2022-11-11 14:48:30:868
-0.6218;2.0246;9.7128;-0.8524;2.159;9.528;0.2412;-0.16;0.1574;0.7732;0.7284;0.1191;13.6;-12.83;-18.66;-12.24;139.06;-12.72;5.11;5.0;35.95827;-83.92476;;NaN;;200.82637;;0 / 2;3507;2022-11-11 14:48:31:368
-0.9849;2.2735;8.7129;-1.2403;1.5347;9.6061;0.7261;0.2465;-1.407;-0.0903;0.1118;-0.6754;13.6;-14.14;-16.95;-10.99;135.12;-9.56;6.46;5.0;35.95827;-83.92476;;NaN;;200.82637;;0 / 2;4006;2022-11-11 14:48:31:867
-1.6167;1.0014;8.3847;-1.5494;2.233;9.4225;-1.2958;-0.8498;-0.09;-0.4541;-0.5537;0.3825;16.1;-17.72;-13.41;-12.09;118.33;-13.16;9.34;5.0;35.95827;-83.92476;;NaN;;200.82637;;0 / 2;4507;2022-11-11 14:48:32:368
-0.9502;1.7668;11.5866;-1.1773;1.4939;9.6204;-0.2441;0.2125;1.2239;0.5093;-0.1636;0.5793;20.8;-21.86;-12.45;-14.08;113.33;-8.76;6.98;5.0;35.95827;-83.92476;;NaN;;200.82637;;0 / 3;5006;2022-11-11 14:48:32:867
-0.0873;1.573;9.341;-0.4493;1.2091;9.7214;0.3623;0.3916;-0.4186;0.1009;-0.0741;-0.4561;35.3;-28.46;-12.06;-17.27;109.13;-7.08;2.65;5.0;35.95827;-83.92476;;NaN;;200.82637;;0 / 3;5507;2022-11-11 14:48:33:368
-1.3167;1.1438;8.33;-0.8461;1.2927;9.6842;-0.5158;-0.595;-1.4122;0.0518;0.1322;0.0764;43.1;-30.75;-14.34;-21.24;109.42;-7.46;4.53;5.0;35.95827;-83.92476;;NaN;;200.82637;;0 / 3;6006;2022-11-11 14:48:33:867
-1.3965;2.0883;11.1625;-1.2946;2.2376;9.4598;-0.7447;0.226;2.0709;-0.3867;-0.0305;-0.0744;52.3;-29.19;-19.33;-24.43;113.59;-13.19;7.79;5.0;35.95827;-83.92476;;NaN;;200.82637;;0 / 3;6506;2022-11-11 14:48:34:367
-1.503;2.575;8.9755;-1.9095;2.1478;9.3761;0.8576;0.4941;-0.7553;0.1402;0.2794;-0.4849;52.3;-24.92;-24.21;-27.15;122.06;-12.65;11.51;5.0;35.95827;-83.92476;;NaN;;200.82637;;0 / 3;7006;2022-11-11 14:48:34:867
-1.2912;1.436;8.0767;-0.8462;1.6574;9.6285;-0.2326;-0.227;-1.5729;-0.724;-0.4514;-0.5954;52.3;-11.91;-25.59;-30.32;141.51;-11.59;7.36;5.0;35.95827;-83.92476;;NaN;;200.82637;;0 / 3;7507;2022-11-11 14:48:35:368
1.8452;1.6226;10.1734;0.2671;2.316;9.5255;0.1551;0.4575;1.6494;0.2365;-1.0511;-0.8055;81.9;-11.38;-31.52;-36.43;152.92;-12.69;1.52;5.0;35.95827;-83.92476;;NaN;;200.82637;;0 / 3;8007;2022-11-11 14:48:35:868
0.05;2.7601;8.8355;-0.0678;2.3843;9.5121;0.1009;0.1539;-1.1018;-0.0641;-0.0814;-1.175;93.8;-11.06;-31.57;-39.51;152.12;-14.07;0.41;5.0;35.95827;-83.92476;;NaN;;200.82637;;0 / 3;8506;2022-11-11 14:48:36:367
-0.5692;3.2471;7.5634;-0.448;3.9332;8.9721;-0.078;-1.2774;-1.211;0.0456;-0.0686;-0.5285;63.5;-5.83;-28.72;-42.0;142.69;-23.22;2.44;5.0;35.95827;-83.92476;;NaN;;200.82637;;0 / 3;9006;2022-11-11 14:48:36:867
1.13;2.1814;9.169;-0.7053;3.6049;9.0927;1.6388;-0.7437;0.9347;-0.348;0.0594;-1.0484;54.5;-5.21;-25.18;-41.62;131.18;-23.46;3.08;5.0;35.95827;-83.92476;;NaN;;200.82637;;0 / 3;9507;2022-11-11 14:48:37:368
-0.9284;1.456;11.1323;-0.9419;2.9828;9.2944;-0.0066;-0.1652;1.0907;0.3547;-0.6792;-1.3723;67.9;-4.86;-15.08;-39.69;106.32;-17.11;6.72;5.0;35.95827;-83.92476;;NaN;;200.82637;;0 / 3;10007;2022-11-11 14:48:37:868
-2.6468;3.848;8.8508;-1.6123;3.0001;9.1962;-1.1162;0.7895;-0.6308;-0.0438;-0.3284;-0.4273;67.9;2.83;-18.88;-37.67;150.9;-17.81;9.94;5.0;35.95827;-83.92476;;NaN;;200.82637;;0 / 3;10506;2022-11-11 14:48:38:367
0.8536;2.4763;8.7132;-0.3131;2.5358;9.468;1.2249;-0.9789;0.1007;0.0261;-0.5354;-0.6642;40.0;-4.71;-26.17;-36.62;153.59;-15.13;4.25;5.0;35.95827;-83.92476;;NaN;;200.82637;;0 / 4;11006;2022-11-11 14:48:38:867
-1.0747;1.7246;10.7557;-0.2206;2.7257;9.4177;-0.5517;-0.1239;1.2438;0.1426;-0.0189;0.1134;29.3;-5.14;-13.95;-55.8;71.76;-16.14;1.34;5.0;35.95827;-83.92476;;NaN;;200.82637;;0 / 4;11506;2022-11-11 14:48:39:367
-1.1892;2.6695;10.9119;-0.6939;2.3111;9.5051;-0.4496;0.3981;1.0913;-0.2326;0.2205;0.6409;26.2;-3.77;-19.74;-57.0;124.96;-14.23;3.86;5.0;35.95827;-83.92476;;NaN;;200.82637;;0 / 4;12006;2022-11-11 14:48:39:867
0.1202;2.467;8.7616;-0.5936;2.333;9.5066;0.6693;-0.0066;-0.8087;0.6757;-0.4552;-0.7428;22.1;-15.69;-22.93;-56.57;114.86;-13.76;3.57;5.0;35.95827;-83.92476;;NaN;;200.82637;;0 / 4;12507;2022-11-11 14:48:40:368
-2.1072;2.3599;9.8934;-1.032;3.1111;9.2427;-0.8319;-0.477;1.5108;0.097;0.3648;0.3342;20.0;-19.48;-30.02;-59.01;112.39;-18.77;5.4;5.0;35.95827;-83.92476;;NaN;;200.82637;;0 / 4;13006;2022-11-11 14:48:40:867
-1.8081;3.6461;8.5259;-1.257;3.2117;9.1802;-0.5225;0.2892;-0.6267;-0.223;0.1781;0.4416;18.1;-27.96;-35.53;-59.98;113.75;-19.12;7.8;5.0;35.95827;-83.92476;;NaN;;200.82637;;0 / 4;13506;2022-11-11 14:48:41:367
-0.382;0.8731;9.9362;-0.9197;2.5253;9.4312;0.5382;-1.6418;0.685;-0.1291;-0.4181;-0.1613;19.4;-36.71;-26.1;-59.68;103.16;-15.55;7.15;5.0;35.95827;-83.92476;;NaN;;200.82637;;0 / 4;14006;2022-11-11 14:48:41:867
-0.4708;2.9291;11.4326;-0.6634;1.9971;9.5782;0.2061;0.7546;0.6337;0.0344;0.0881;-0.0742;19.4;-44.32;-15.69;-58.76;95.12;-11.75;3.96;5.0;35.95827;-83.92476;;NaN;;200.82637;;0 / 4;14506;2022-11-11 14:48:42:367
-1.9534;2.1951;8.1332;-1.3613;2.6939;9.3306;-0.2738;-0.5164;-1.3349;-0.0803;0.3403;0.2547;19.7;-43.57;-10.84;-57.45;85.95;-16.15;7.33;5.0;35.95827;-83.92476;;NaN;;200.82637;;0 / 4;15007;2022-11-11 14:48:42:868
-1.55;2.0955;13.0493;-1.5345;1.9467;9.4882;-0.5516;0.6656;3.1205;-0.1087;-0.5454;-0.0542;18.2;-33.88;-6.41;-56.29;84.6;-11.45;9.19;5.0;35.95827;-83.92476;;NaN;;200.82637;;0 / 4;15506;2022-11-11 14:48:43:367
-0.4217;2.5771;9.0517;-0.9356;1.874;9.5803;0.7235;0.726;-0.4564;0.1888;-0.2127;-0.7643;21.2;-33.81;-6.15;-56.72;84.59;-10.45;5.87;5.0;35.95827;-83.92476;;NaN;;200.82637;;0 / 4;16006;2022-11-11 14:48:43:867
-2.1359;1.424;7.2395;-1.7906;1.7551;9.4807;-0.223;-1.133;-0.5564;0.2207;0.3057;0.2325;23.9;-23.92;-4.84;-56.18;83.07;-10.31;10.7;5.0;35.95827;-83.92476;;NaN;;200.82637;;0 / 4;16507;2022-11-11 14:48:44:368
-1.4207;1.686;12.0144;-1.8626;1.6569;9.4845;-0.5659;0.6494;1.3648;-0.1251;-0.3461;0.0922;23.9;-16.48;-5.01;-56.7;81.51;-9.93;12.07;5.0;35.95827;-83.92476;;NaN;;200.82637;;0 / 4;17006;2022-11-11 14:48:44:867
-0.8599;1.8906;8.9432;-1.2889;1.6237;9.585;0.5596;-0.033;-0.6617;0.3432;-0.2398;-0.2481;28.0;-20.23;-4.99;-60.34;80.86;-9.53;7.66;5.0;35.95827;-83.92476;;NaN;;200.82637;;0 / 4;17506;2022-11-11 14:48:45:367
-1.0137;0.6033;9.9712;-1.555;1.8327;9.5076;0.4784;-1.1644;0.6443;0.0454;0.4817;0.0261;28.0;-20.19;-4.82;-61.37;78.94;-10.48;8.12;5.0;35.95827;-83.92476;;NaN;;200.82637;;0 / 4;18006;2022-11-11 14:48:45:867
-3.0802;3.3159;7.7103;-2.3775;2.5274;9.1722;-0.6952;0.7609;-1.4494;0.0202;0.114;-0.3957;28.0;-9.3;-5.16;-62.16;67.5;-14.94;14.53;5.0;35.95827;-83.92476;;NaN;;200.82637;;0 / 4;18506;2022-11-11 14:48:46:367
-0.6823;1.9493;9.3476;-2.6402;2.2315;9.1772;2.8977;-0.2924;-1.1935;0.0612;-0.2404;-1.6214;28.0;-9.21;-10.37;-57.34;82.95;-14.05;15.93;5.0;35.958424;-83.92479;702.66;NaN;0.0;226.74261;;0 / 4;19006;2022-11-11 14:48:46:867
-0.8204;2.0174;11.1927;-1.1944;2.7493;9.3373;-0.9497;1.5566;2.8828;0.1893;-0.3142;-0.407;35.6;-14.16;-10.87;-54.0;79.19;-16.28;7.29;5.0;35.958424;-83.92479;702.66;NaN;0.0;226.74261;;0 / 4;19508;2022-11-11 14:48:47:369
-1.6152;3.5246;7.9768;-1.3876;3.101;9.1994;-0.3226;-0.1964;-1.4195;0.3053;-0.0053;0.0857;41.8;-14.16;-18.22;-53.98;92.23;-18.43;8.58;5.0;35.958424;-83.92479;702.66;NaN;0.0;226.74261;;3 / 4;20007;2022-11-11 14:48:47:868
-0.1167;1.4512;8.9195;-0.6286;2.165;9.544;0.5057;-0.7349;-0.7212;0.1613;-0.2976;-0.8251;48.4;-23.25;-26.66;-55.18;118.71;-12.75;3.77;5.0;35.958424;-83.92479;702.66;NaN;0.0;226.74261;;3 / 4;20506;2022-11-11 14:48:48:367
-1.8446;3.6814;11.0288;-1.1459;2.4901;9.4158;-0.327;1.0755;1.0889;0.1261;0.4774;-0.0507;44.0;-20.16;-27.92;-57.84;117.88;-14.23;5.38;5.0;35.958424;-83.92479;702.66;NaN;0.0;226.74261;;3 / 4;21007;2022-11-11 14:48:48:868
-2.1589;3.6664;8.0172;-1.4885;3.1406;9.1701;-0.4008;-0.4489;-1.4247;0.04;-0.1839;-0.3581;45.0;-17.38;-36.9;-54.51;125.92;-18.68;9.22;5.0;35.958424;-83.92479;702.66;NaN;0.0;226.74261;;3 / 4;21506;2022-11-11 14:48:49:367
-1.1366;2.1876;10.1557;-1.4676;2.8682;9.2623;-0.2969;0.6183;0.8754;-0.0321;-0.3142;-0.6409;38.2;-19.76;-38.29;-49.72;129.59;-17.01;9.0;5.0;35.958424;-83.92479;702.66;NaN;0.0;226.74261;;3 / 4;22006;2022-11-11 14:48:49:867
-1.6292;0.9592;9.7029;0.17;2.0412;9.5904;-1.8929;-1.0675;0.1135;0.1944;-1.1321;-1.7043;44.7;-17.31;-28.95;-48.15;138.6;-12.01;-1.02;5.0;35.958424;-83.92479;702.66;NaN;0.0;226.74261;;3 / 4;22506;2022-11-11 14:48:50:367
-1.2236;3.2836;11.1;-0.3649;2.7567;9.4041;-0.278;1.099;1.3356;0.205;0.4848;0.1875;34.3;-15.3;-22.8;-51.99;118.45;-15.37;0.63;5.0;35.958424;-83.92479;702.66;NaN;0.0;226.74261;;3 / 4;23006;2022-11-11 14:48:50:867
-1.6346;3.1475;7.5063;-1.3493;3.6635;8.996;-0.112;-0.7547;-1.4392;0.0198;0.3841;0.1678;28.4;-13.99;-29.57;-47.74;117.41;-21.94;8.53;5.0;35.958424;-83.92479;702.66;NaN;0.0;226.74261;;3 / 4;23506;2022-11-11 14:48:51:367
0.9009;1.7115;10.2885;-0.9871;2.7308;9.3669;1.2586;-0.4515;1.602;-0.3429;-0.4189;-0.3834;28.4;-14.53;-32.51;-45.56;134.5;-16.17;6.02;5.0;35.958424;-83.92479;702.66;NaN;0.0;226.74261;;3 / 4;24007;2022-11-11 14:48:51:868
-0.5581;3.245;10.2156;-0.515;2.37;9.502;-0.7708;1.0425;0.1042;0.0158;-0.0865;-0.0825;18.7;-17.57;-28.22;-49.84;126.65;-13.85;3.25;5.0;35.958424;-83.92479;702.66;NaN;0.0;226.74261;;3 / 4;24506;2022-11-11 14:48:52:367
-1.9783;1.4183;7.4961;-1.03;2.3348;9.4688;-0.7614;-1.3593;-1.5748;0.2062;0.3071;0.4045;18.7;-17.21;-31.67;-50.08;133.24;-13.03;5.37;5.0;35.958424;-83.92479;702.66;NaN;0.0;226.74261;;3 / 4;25007;2022-11-11 14:48:52:868
-1.2511;2.3339;12.9335;-1.1144;1.7888;9.5775;-0.3452;0.6625;3.2968;0.7111;-0.8539;0.3776;18.7;-26.03;-35.7;-47.06;131.27;-10.51;6.64;5.0;35.958424;-83.92479;702.66;NaN;0.0;226.74261;;3 / 4;25506;2022-11-11 14:48:53:367
0.0093;2.4643;9.192;-0.7409;1.8361;9.6047;0.6069;0.2554;-0.9382;-0.0925;-0.242;-0.3971;15.4;-37.41;-33.56;-42.52;122.8;-10.79;4.41;5.0;35.958424;-83.92479;702.66;NaN;0.0;226.74261;;3 / 4;26007;2022-11-11 14:48:53:868
-2.0417;1.4931;7.9573;-0.9175;2.1822;9.5167;-0.8418;-0.7567;-1.2301;0.296;0.6712;0.0262;19.5;-42.34;-36.51;-35.68;123.86;-11.59;3.28;5.0;35.958424;-83.92479;702.66;NaN;0.0;226.74261;;3 / 4;26506;2022-11-11 14:48:54:367
-2.1691;2.854;9.9613;-2.3321;1.969;9.3196;0.3475;0.809;-0.1071;-0.3457;0.7476;0.7799;22.8;-45.62;-35.72;-29.29;121.49;-12.09;12.04;5.0;35.958424;-83.92479;702.66;NaN;0.0;226.74261;;3 / 4;27006;2022-11-11 14:48:54:867
-0.4161;1.1776;8.8537;-1.2645;1.8152;9.5539;0.7801;-0.6865;-0.6114;0.1805;-0.1325;-0.4741;22.8;-48.96;-25.11;-31.07;110.87;-10.67;7.54;5.0;35.958424;-83.92479;702.66;NaN;0.0;226.74261;;3 / 4;27506;2022-11-11 14:48:55:367
-1.3358;3.2509;10.8559;-0.8933;2.0429;9.5498;-0.0057;0.6813;0.774;0.073;0.026;-0.087;32.5;-48.17;-25.72;-22.97;113.35;-12.11;5.42;5.0;35.958424;-83.92479;702.66;NaN;0.0;226.74261;;3 / 4;28006;2022-11-11 14:48:55:867
-1.6756;2.1951;7.7486;-1.2034;2.8146;9.3167;-0.1433;-1.0247;-1.9314;-0.1355;0.3464;0.5972;49.5;-45.49;-21.34;-14.68;110.6;-16.68;7.36;5.0;35.958424;-83.92479;702.66;NaN;0.0;226.74261;;3 / 4;28506;2022-11-11 14:48:56:367
-2.2893;3.3171;10.3947;-1.6718;2.6651;9.2883;-0.66;0.4321;0.8798;0.0497;0.1868;0.3392;43.6;-44.23;-18.6;-20.46;107.92;-15.25;9.82;5.0;35.958424;-83.92479;702.66;NaN;0.0;226.74261;;3 / 4;29006;2022-11-11 14:48:56:867
0.4627;2.7425;8.158;-0.0972;2.3645;9.5168;0.5891;0.216;-1.5095;-0.1498;-0.3369;-0.6109;60.0;-48.71;-17.81;-25.44;103.21;-13.95;0.59;5.0;35.958424;-83.92479;702.66;NaN;0.0;226.74261;;3 / 4;29506;2022-11-11 14:48:57:367
-1.6205;2.4628;11.6605;-0.7641;2.2798;9.5073;-0.3931;0.7699;2.04;0.2714;-0.0756;-0.026;71.4;-43.97;-20.7;-23.59;109.23;-12.69;3.93;5.0;35.958424;-83.92479;702.66;NaN;0.0;226.74261;;0 / 4;30006;2022-11-11 14:48:57:867
-1.6513;2.8762;8.5059;-1.5456;2.9071;9.2374;-0.169;-0.2771;-0.8959;-0.0346;0.2114;0.2659;71.4;-33.47;-19.44;-24.11;109.24;-17.24;9.5;5.0;35.958424;-83.92479;702.66;NaN;0.0;226.74261;;0 / 4;30507;2022-11-11 14:48:58:368
-0.2228;2.1206;10.6508;-1.1383;2.5498;9.4007;0.9465;-0.1994;1.5144;-0.3763;-0.1809;-0.0959;61.2;-30.77;-24.62;-27.38;117.11;-16.46;7.38;5.0;35.958424;-83.92479;702.66;NaN;0.0;226.74261;;0 / 4;31006;2022-11-11 14:48:58:867
-2.0142;3.5788;9.618;-1.7641;2.4516;9.33;-0.1561;0.7113;-0.891;0.0821;-0.0925;-0.5472;80.7;-20.53;-34.91;-32.66;134.99;-14.48;10.71;5.0;35.958424;-83.92479;702.66;NaN;0.0;226.74261;;0 / 4;31506;2022-11-11 14:48:59:367
-1.6355;2.8071;7.5855;-1.5841;3.6127;8.9783;0.0218;-1.7009;-1.4967;0.3987;-0.4732;-0.7803;80.7;-1.59;-43.89;-29.85;166.22;-20.43;10.87;5.0;35.958424;-83.92479;702.66;NaN;0.0;226.74261;;0 / 4;32006;2022-11-11 14:48:59:867
-2.316;4.7154;8.7218;-1.5298;3.8827;8.8744;-0.743;0.8934;-0.5524;0.2854;-0.4712;-0.6184;99.6;14.23;-44.7;-34.07;196.48;-23.32;9.78;5.0;35.958424;-83.92479;702.66;NaN;0.0;226.74261;;0 / 4;32506;2022-11-11 14:49:00:367
0.0607;4.5787;8.2905;-0.5352;3.8041;9.0229;0.703;0.8475;-0.8147;-0.2023;-0.4954;-0.9493;99.6;16.95;-38.19;-31.88;214.52;-23.57;3.76;5.0;35.958424;-83.92479;702.66;NaN;0.0;226.74261;;0 / 4;33007;2022-11-11 14:49:00:868
-1.9654;2.6031;7.5251;-1.5886;4.4984;8.568;-0.4549;-2.2353;-1.0865;-0.1142;-0.4041;-0.5824;74.9;22.46;-28.28;-39.24;249.43;-27.3;10.5;5.0;35.958424;-83.92479;702.66;NaN;0.0;226.74261;;0 / 4;33506;2022-11-11 14:49:01:367
-2.2484;4.2269;10.4524;-1.5806;3.4418;9.0458;-0.4619;0.6815;-0.1554;0.06;-0.1923;-1.2035;74.9;18.49;-28.24;-36.02;224.22;-21.02;9.18;5.0;35.958424;-83.92479;702.66;NaN;0.0;226.74261;;0 / 4;34006;2022-11-11 14:49:01:867
0.2782;3.2139;9.2504;-0.3836;2.6964;9.4209;0.4211;0.5173;-0.4603;-0.2808;-0.1995;-0.82;86.1;-11.23;-12.41;-31.37;104.39;-15.96;2.33;5.0;35.958424;-83.92479;702.66;NaN;0.0;226.74261;;0 / 4;34507;2022-11-11 14:49:02:368
-1.6164;1.9654;8.2086;-0.0273;3.2072;9.2673;-1.6303;-1.3007;-1.1958;0.2194;-0.3115;0.04;48.6;-21.82;-7.42;-28.54;83.37;-18.93;1.24;5.0;35.958424;-83.92479;702.66;NaN;0.0;226.74261;;0 / 4;35007;2022-11-11 14:49:02:868
-0.9873;2.4087;12.0398;-0.1303;1.9061;9.6187;-0.925;0.5256;2.3045;0.098;-0.6649;-0.1382;39.4;-26.1;-8.79;-29.47;97.04;-11.21;0.78;5.0;35.958424;-83.92479;702.66;NaN;0.0;226.74261;;0 / 4;35506;2022-11-11 14:49:03:367
0.05;1.7339;9.3592;-0.0019;1.3427;9.7143;-0.3695;0.4245;-0.6222;-0.0754;-0.2301;-0.5404;27.3;-30.9;-8.36;-29.57;96.7;-8.21;0.28;5.0;35.958424;-83.92479;702.66;NaN;0.0;226.74261;;0 / 4;36006;2022-11-11 14:49:03:867
-0.7295;1.5203;9.8291;-0.1613;2.3281;9.5249;-0.555;-0.195;1.1807;0.348;0.2953;0.4414;24.5;-34.84;-12.08;-30.49;97.5;-13.73;0.97;5.0;35.958424;-83.92479;702.66;NaN;0.0;226.74261;;0 / 4;36506;2022-11-11 14:49:04:367
-1.4471;2.4829;9.918;-1.0394;2.0341;9.5369;-0.2603;0.5985;0.4353;-0.0912;0.177;0.3961;22.0;-10.07;16.05;-18.58;31.81;-11.97;6.22;5.0;35.958424;-83.92479;702.66;NaN;0.0;226.74261;;0 / 4;37006;2022-11-11 14:49:04:867
0.7663;0.8755;8.613;-0.265;1.8515;9.6266;1.0356;-0.9887;-1.1164;-0.104;0.0345;-0.2422;19.4;-13.22;19.43;-15.6;31.87;-10.88;1.58;5.0;35.958424;-83.92479;702.66;NaN;0.0;226.74261;;0 / 4;37507;2022-11-11 14:49:05:368
-0.6185;2.2729;12.5136;-0.2252;1.8883;9.6205;-0.3792;0.1499;2.7586;0.2833;0.1286;-0.334;19.4;-15.04;20.49;-13.69;34.45;-10.29;0.78;5.0;35.958424;-83.92479;702.66;NaN;0.0;226.74261;;3 / 4;38007;2022-11-11 14:49:05:868
-2.3237;2.0285;8.3321;-1.2723;2.0227;9.5111;-1.0807;-0.0923;-1.3325;-0.1936;0.3291;0.3505;19.4;-14.23;24.41;-11.72;31.19;-11.9;7.62;5.0;35.958424;-83.92479;702.66;NaN;0.0;226.74261;;3 / 4;38506;2022-11-11 14:49:06:367
-0.309;0.3335;9.883;-0.8149;1.4036;9.6714;0.9256;-1.1373;1.5269;0.2899;0.1015;0.2236;19.4;-9.0;24.3;-10.89;21.42;-8.23;4.82;5.0;35.958424;-83.92479;702.66;NaN;0.0;226.74261;;0 / 4;39006;2022-11-11 14:49:06:867
0.2524;2.6312;9.5513;-0.5853;1.3132;9.7007;0.8401;1.3472;-0.1673;-0.3142;-0.1566;-0.4022;24.6;-3.13;23.46;-8.79;8.39;-7.7;3.45;5.0;35.958424;-83.92479;702.66;NaN;0.0;226.74261;;0 / 4;39508;2022-11-11 14:49:07:369
-2.0471;0.9996;7.7985;-1.4933;1.2859;9.6066;-0.7172;-0.4897;-1.9982;0.2557;0.1682;0.4225;24.6;2.72;30.49;-7.41;356.34;-6.45;8.28;5.0;35.958424;-83.92479;702.66;NaN;0.0;226.74261;;0 / 4;40006;2022-11-11 14:49:07:867
-2.077;1.5652;11.321;-1.5067;1.1176;9.6256;-0.539;0.4597;1.3766;0.0418;-0.2026;0.1418;27.4;8.1;30.21;-7.33;347.49;-6.54;8.9;5.0;35.958424;-83.92479;702.66;NaN;0.0;226.74261;;0 / 4;40506;2022-11-11 14:49:08:367
0.9236;1.8045;8.9809;-0.9955;1.14;9.6892;1.6092;1.2042;-0.7881;0.1545;-0.0996;-0.534;31.4;7.5;29.59;-7.05;346.73;-6.68;5.87;5.0;35.958424;-83.92479;702.66;NaN;0.0;226.74261;;0 / 4;41006;2022-11-11 14:49:08:867
-1.2664;0.6951;11.2807;0.4099;1.7913;9.6329;-0.8921;-0.4279;1.4164;-0.1903;0.2392;0.1742;26.3;7.22;35.01;-11.91;348.65;-9.97;-1.59;5.0;35.958424;-83.92479;702.66;NaN;0.0;226.74261;;0 / 4;41506;2022-11-11 14:49:09:367
-1.9732;2.5516;9.3227;-1.7932;2.3411;9.3528;-0.2939;0.3078;-0.639;-0.4784;0.2547;0.4038;26.3;6.77;27.39;-16.76;352.89;-15.15;10.34;5.0;35.958424;-83.92479;702.66;NaN;0.0;226.74261;;0 / 4;42006;2022-11-11 14:49:09:867
0.2076;1.2284;9.6233;-0.7148;2.2379;9.5211;0.7849;-1.0203;0.286;0.3952;-0.1243;-0.1651;31.0;-3.34;27.47;-10.03;7.47;-13.19;4.29;5.0;35.958424;-83.92479;702.66;NaN;0.0;226.74261;;0 / 4;42507;2022-11-11 14:49:10:368
-0.6601;3.3915;8.6462;-0.6382;2.6708;9.4144;0.1355;0.4027;-0.9816;-0.2027;0.2233;-0.3315;31.0;-14.7;29.25;-10.05;27.27;-15.8;3.88;5.0;35.958424;-83.92479;702.66;NaN;0.0;226.74261;;0 / 4;43006;2022-11-11 14:49:10:867
-1.0842;2.1266;7.3128;-1.1165;3.8482;8.9507;-0.123;-1.7614;-0.8033;0.7325;-0.5671;-0.7863;31.0;-21.53;24.9;-9.88;41.7;-20.44;7.28;5.0;35.958424;-83.92479;702.66;NaN;0.0;226.74261;;0 / 4;43508;2022-11-11 14:49:11:369
-0.8381;3.1289;10.3226;-0.6003;2.7692;9.3884;-0.3129;-0.0356;1.2658;0.3512;-0.4019;-1.1758;27.0;-27.07;17.33;-7.86;56.72;-15.45;3.81;5.0;35.958424;-83.92479;702.66;NaN;0.0;226.74261;;0 / 4;44007;2022-11-11 14:49:11:868
0.0057;2.9465;9.676;0.5487;2.2064;9.5394;-0.4194;0.8299;0.1743;-0.0699;-0.2136;-0.9477;33.4;-25.22;1.89;-0.53;84.28;-13.0;-3.29;5.0;35.958424;-83.92479;702.66;NaN;0.0;226.74261;;0 / 4;44507;2022-11-11 14:49:12:368
-0.4406;0.8518;7.5455;-0.6819;2.5131;9.4546;0.4891;-2.0734;0.5228;1.1063;0.1403;-0.2681;40.5;-10.99;-8.64;-1.52;127.59;-11.31;2.45;5.0;35.958424;-83.92479;702.66;NaN;0.0;226.74261;;0 / 4;45006;2022-11-11 14:49:12:867
-2.8669;1.9917;9.941;-1.0138;1.6549;9.6127;-1.7344;0.5753;0.1234;-0.0714;0.1217;0.19;40.5;-1.8;-12.66;-5.57;167.53;-9.72;6.02;5.0;35.958424;-83.92479;702.66;NaN;0.0;226.74261;;0 / 4;45506;2022-11-11 14:49:13:367
0.7675;0.3332;9.256;-0.5501;1.5948;9.6605;1.178;-1.4073;0.1791;0.5665;0.023;0.18;40.5;-1.29;-15.99;-5.08;175.12;-7.43;3.46;5.0;35.958424;-83.92479;702.66;NaN;0.0;226.74261;;0 / 4;46006;2022-11-11 14:49:13:867
-0.0491;2.9468;8.8337;0.5591;2.3564;9.5029;-0.6312;0.5633;-0.8019;-0.325;-0.2963;-0.0486;41.8;-8.04;-23.12;-6.51;159.75;-13.9;-3.37;5.0;35.958424;-83.92479;702.66;NaN;0.0;226.74261;;0 / 4;46507;2022-11-11 14:49:14:368
1.0618;-0.5877;12.4816;-0.9669;1.8117;9.5892;2.7968;-0.7621;4.9011;0.5821;1.0936;-0.4435;36.7;-0.19;-21.06;-11.66;178.82;-10.27;1.82;5.0;35.958424;-83.92479;702.66;NaN;0.0;226.74261;;0 / 4;47006;2022-11-11 14:49:14:867
-2.141;2.5519;7.9998;0.3124;2.5089;9.4751;-2.563;-0.5624;-0.3919;-0.5542;0.1832;-0.8758;36.7;18.96;-12.32;-20.31;251.31;-14.82;-1.89;5.0;35.958424;-83.92479;702.66;NaN;0.0;226.74261;;0 / 4;47507;2022-11-11 14:49:15:368
2.3207;-1.4686;9.4989;0.6981;2.5722;9.4375;1.3383;-4.5788;1.4551;1.4198;-0.701;-0.5663;29.5;30.54;3.99;-34.97;287.73;-10.68;-1.73;5.0;35.958424;-83.92479;702.66;NaN;0.0;226.74261;;0 / 4;48007;2022-11-11 14:49:15:868
-0.4487;2.3617;11.3342;-0.2193;2.376;9.5119;-0.5498;0.606;1.6564;0.0956;0.1897;-0.4198;20.4;22.95;-2.64;-35.46;284.4;-14.02;1.32;5.0;35.958424;-83.92479;702.66;NaN;0.0;226.74261;;0 / 4;48506;2022-11-11 14:49:16:367
-1.7719;2.2499;7.6762;-0.698;2.8828;9.3473;-0.9461;-0.915;-1.8685;-0.0151;0.3132;0.1393;20.4;26.1;-0.21;-31.05;291.16;-16.94;3.01;5.0;35.958424;-83.92479;702.66;NaN;0.0;226.74261;;0 / 4;49007;2022-11-11 14:49:16:868
-2.1416;2.5199;9.7534;-0.8744;2.1589;9.526;-1.4111;0.3212;0.3641;-0.1565;0.1507;0.6307;18.8;23.36;-6.36;-29.64;273.37;-12.72;5.24;5.0;35.958424;-83.92479;702.66;NaN;0.0;226.74261;;0 / 4;49507;2022-11-11 14:49:17:368
0.2527;2.0985;6.5163;-0.0194;2.5177;9.4779;0.6145;-0.7597;-2.7726;0.2369;0.0095;-0.2068;18.8;11.21;-6.3;-30.66;279.53;-14.37;-0.24;5.0;35.958424;-83.92479;702.66;NaN;0.0;226.74261;;0 / 4;50006;2022-11-11 14:49:17:867
-0.1292;2.595;12.8985;-0.0916;1.8822;9.6239;-0.0755;0.722;3.119;0.2658;-0.2046;-0.3231;18.8;8.98;-1.78;-30.3;293.62;-11.07;0.55;5.0;35.958424;-83.92479;702.66;NaN;0.0;226.74261;;0 / 4;50506;2022-11-11 14:49:18:367
-1.5562;2.2196;8.9324;-0.5702;2.6199;9.433;-1.1944;-0.5746;-0.9926;-0.6858;0.0871;0.0725;21.2;11.14;0.96;-25.46;312.45;-17.77;3.22;5.0;35.958424;-83.92479;702.66;NaN;0.0;226.74261;;0 / 5;51007;2022-11-11 14:49:18:868
-1.5646;1.8676;10.8921;-0.4616;1.6656;9.6531;-0.8969;0.2684;0.6629;0.1197;0.0275;0.3929;28.5;9.86;4.65;-24.66;316.45;-9.78;2.74;5.0;35.958424;-83.92479;702.66;NaN;0.0;226.74261;;0 / 5;51508;2022-11-11 14:49:19:369
-1.2846;3.4325;8.464;-0.9641;2.652;9.3919;-0.1215;0.8469;-1.4889;-0.0834;-0.1869;-0.747;28.5;7.05;5.34;-24.75;339.72;-16.2;5.86;5.0;35.958424;-83.92479;702.66;NaN;0.0;226.74261;;3 / 5;52007;2022-11-11 14:49:19:868
-1.1913;3.996;10.168;-1.4714;3.5725;9.0135;0.3801;0.4219;1.041;-0.0065;0.0143;-0.0593;25.9;12.06;11.57;-21.96;337.25;-21.36;9.27;5.0;35.958424;-83.92479;702.66;NaN;0.0;226.74261;;3 / 5;52506;2022-11-11 14:49:20:367
-2.1565;3.3763;8.7506;-1.8477;2.9345;9.173;-0.9738;-0.0712;-0.7935;-0.2711;0.49;0.8588;35.7;17.91;13.5;-22.14;326.97;-17.61;10.73;5.0;35.958424;-83.92479;702.66;NaN;0.0;226.74261;;3 / 5;53006;2022-11-11 14:49:20:867
-0.1376;2.08;8.5143;-0.684;2.7139;9.3988;0.6829;-0.765;-0.7149;-0.0748;0.0114;-0.0886;47.2;14.7;8.94;-27.71;322.22;-16.07;4.16;5.0;35.958424;-83.92479;702.66;NaN;0.0;226.74261;;3 / 5;53506;2022-11-11 14:49:21:367
-0.198;3.3781;10.4931;-0.493;2.307;9.5187;0.31;0.9727;0.1885;-2.0E-4;-0.0546;-0.3961;56.3;13.13;11.72;-32.76;330.06;-13.61;2.96;5.0;35.958424;-83.92479;702.66;NaN;0.0;226.74261;;3 / 5;54007;2022-11-11 14:49:21:868
-1.6762;1.3971;7.6618;-1.7065;2.0146;9.4446;0.0508;-0.6112;-1.8286;-0.2337;0.2903;0.1965;76.9;19.71;18.94;-28.99;330.03;-11.85;10.24;5.0;35.958424;-83.92479;702.66;NaN;0.0;226.74261;;3 / 5;54506;2022-11-11 14:49:22:367
-0.4944;0.7253;11.3091;-1.1035;1.613;9.6099;0.535;-0.0645;1.9062;-0.2224;-0.2815;-0.0021;76.9;25.67;18.04;-28.09;316.98;-10.54;7.98;5.0;35.958424;-83.92479;702.66;NaN;0.0;226.74261;;3 / 5;55006;2022-11-11 14:49:22:867
-0.5883;3.032;9.2513;-0.8062;2.2377;9.5138;0.346;0.7255;-0.6115;0.1293;-0.1424;-0.2637;99.4;28.89;12.58;-38.03;310.39;-13.19;4.84;5.0;35.958424;-83.92479;702.66;NaN;0.0;226.74261;;3 / 5;55506;2022-11-11 14:49:23:367
-1.3388;2.2002;7.8102;-1.3402;2.8231;9.2954;-0.8458;-1.0837;-1.674;-0.1707;0.338;0.8125;99.4;36.53;5.57;-40.76;301.62;-16.73;8.2;5.0;35.958424;-83.92479;702.66;NaN;0.0;226.74261;;3 / 5;56007;2022-11-11 14:49:23:868
-0.996;2.8944;10.9002;-1.4524;2.5755;9.3503;0.5315;0.4416;1.5031;0.2623;0.1109;0.0646;99.4;30.88;-11.57;-41.04;270.73;-15.23;8.83;5.0;35.958424;-83.92479;702.66;NaN;0.0;226.74261;;3 / 5;56507;2022-11-11 14:49:24:368
-2.4036;3.1911;7.8772;-2.8872;3.6531;8.6307;0.3831;-0.6512;-0.7519;-0.1781;0.6906;0.9551;105.1;19.67;-20.94;-41.49;245.8;-21.42;17.37;5.0;35.958424;-83.92479;702.66;NaN;0.0;226.74261;;3 / 5;57011;2022-11-11 14:49:24:872