time,seconds_elapsed,altitude,speedAccuracy,bearingAccuracy,latitude,altitudeAboveMeanSeaLevel,bearing,horizontalAccuracy,verticalAccuracy,longitude,speed
1667710010759221000,-2.780779052734375,252.85444259643555,-1,-1,35.95818761837958,284.26444244384766,-1,52.3311376,56.58848190307617,-83.9390419251369,-1
1667710013554201000,0.014201171875,252.85444259643555,-1,-1,35.95818761837958,284.26444244384766,-1,52.3311376,56.58848190307617,-83.9390419251369,-1
1667710013556000000,0.016,252.85444259643555,-1,-1,35.95819263386463,284.26444244384766,-1,52.3311376,56.58848190307617,-83.93905197000628,-1
1667710015206162400,1.666162353515625,248.210693359375,0.8799999952316284,26.760522366211756,35.958236195180525,279.6206932067871,208.4765625,15.869136318667884,4,-83.9386454132236,2.75
1667710016206163500,2.66616357421875,249.23382568359375,1.4600000381469727,24.976111539883828,35.958264316465666,280.64382553100586,208.4765625,12.059096949801436,3,-83.93858523115883,0.23999999463558197
1667710017000165000,3.4601650390625,249.173828125,1.1299999952316284,41.79878721090249,35.95834180716049,280.5838279724121,254.8828125,12.074109964441016,6,-83.93874012872944,1.6399999856948853
1667710018000166400,4.46016650390625,248.16717529296875,1.0099999904632568,55.4487085313087,35.95832106195014,279.57717514038086,245.390625,8.686916772933602,3,-83.93870349981258,0.949999988079071
1667710019000167400,5.46016748046875,248.108642578125,0.8999999761581421,28.573252864385847,35.958306812714746,279.5186424255371,256.2890625,7.087967950416767,4,-83.93870769076416,1.9700000286102295
1667710019999926800,6.4599267578125,248.82220458984375,0.7200000286102295,18.870885478565402,35.95828833061825,280.23220443725586,239.765625,5.373606077507191,4,-83.93873308793077,2.450000047683716
1667710020999928600,7.459928466796875,248.0980224609375,0.8199999928474426,16.42330426496426,35.95827223736416,279.5080223083496,247.8515625,4.605521236765631,4,-83.93876493916282,2.450000047683716
1667710021999928800,8.4599287109375,248.41729736328125,0.8799999952316284,19.875404814893763,35.958260083604564,279.82729721069336,246.796875,4.220098018752936,4,-83.9387968742139,2.8499999046325684
1667710022999931000,9.459930908203125,248.43011474609375,0.8299999833106995,17.753633869985983,35.958249061401894,279.84011459350586,249.2578125,4.254829164932925,4,-83.93883140765497,3.0299999713897705
1667710023999934700,10.459934814453124,248.4713134765625,0.8999999761581421,19.20075629472034,35.95823816492777,279.8813133239746,248.203125,4.515648862858694,6,-83.93886971295247,3.0199999809265137
1667710024999940900,11.45994091796875,248.95697021484375,0.8999999761581421,26.16172138922403,35.958228400010576,280.36697006225586,248.90625,4.360907643350637,6,-83.93890122890839,3.0199999809265137
1667710025999945500,12.459945556640625,249.95355224609375,1.0399999618530273,23.043709297261945,35.95821477941792,281.36355209350586,243.984375,4.240374200317324,4,-83.93893106848368,2.869999885559082
1667710026999950300,13.459950439453126,249.9535529119894,1.0399999618918336,23.043709297262037,35.95820343481348,281.3635527594015,243.98435821241577,4.494186833133795,4.002038644502014,-83.93895965793698,2.869999885558792
1667710027999955700,14.459955810546875,249.942871757783,0.7200000286663572,15.988740309211462,35.95818919621879,281.3528716051951,245.03904556440915,4.385728496556499,4.039773088806453,-83.93899343761666,2.8699998855587916
1667710028999962400,15.45996240234375,250.44213930238038,0.7200000286632733,16.63509647829535,35.95817692894117,281.8521391497925,243.98435868036626,4.341672989864647,4.058687501131733,-83.9390254133408,2.7899999618527604
1667710029999968000,16.459968017578124,251.67407323792577,0.7200000286932,13.4088540625189,35.95816443793897,283.0840730853379,247.49997901326483,4.32063047786368,4.067623649561086,-83.93906797874486,3.4900000095362214
1667710030999974000,17.459973876953125,252.4810800757259,0.709999978626468,11.931865781864962,35.95815324810826,283.891079923138,247.49997901329095,4.613149257650428,3.5416649981933834,-83.93910804420716,3.4900000095362214
1667710031999979000,18.45997900390625,252.74316503759474,0.7699999810040836,15.293688306439815,35.95814250883853,284.15316488500684,247.14841656702893,4.613149322295275,3.5416649139910854,-83.93914449779754,3.490000009536221
1667710032999984600,19.459984619140624,251.9536142265424,0.7099999786240687,13.402097297882376,35.95813454564456,283.3636140739545,248.55466665975587,4.613149378256428,3.541664841099616,-83.93917862187338,3.4400000572199594
1667710033999990000,20.459989990234376,252.39569198619574,0.7400000096255012,13.067791127635264,35.9581252516225,283.80569183360785,249.60935267038946,4.613149440981261,3.5416647593981994,-83.93921887685885,3.6600000858300867
1667710034999995100,21.4599951171875,253.22125338949263,0.7200000286908245,13.68003391690943,35.958114899704626,284.63125323690474,248.90622910992647,4.6131495049293605,3.5416646761034336,-83.939253808603,3.4400000572199594
1667710035999999000,22.4599990234375,253.042420363985,0.759999990538292,15.40515528614708,35.958102088783114,284.4524202113971,246.79685460017365,4.613149573167208,3.5416645872211054,-83.9392884291652,3.4100000858302018
1667710037000004400,23.46000439453125,252.71447844896466,0.7300000191498319,14.07952228995331,35.95808684309901,284.12447829637676,242.22654309220127,4.613149645540303,3.541664492952461,-83.93932110554074,3.3699998855586113
1667710038000008200,24.46000830078125,252.36450286302716,0.7099999786208239,14.16367192807522,35.95807393051746,283.77450271043926,242.9296679682458,4.613149714124725,3.5416644036187006,-83.93935425752883,3.3699998855586117
1667710039000012500,25.460012451171874,252.15246673114598,1.1299999952808468,21.146204198657077,35.95806189977454,283.5624665785581,244.33591772916105,4.613149782171249,3.5416643149855687,-83.93938919814526,3.369999885558612
1667710040000015600,26.460015625,252.61535729281604,0.8000000119856591,18.328628222621603,35.958054161152184,284.02535714022815,248.20310535869902,4.613149837185903,3.54166424332693,-83.93942074496005,3.2499999999995786
1667710041000019500,27.46001953125,252.18408252019435,0.8999999761908107,23.349066564485682,35.95805402136156,283.59408236760646,253.47654721193447,4.613149866055612,3.541664205723056,-83.9394407401471,2.4500000476835355
1667710042000024300,28.4600244140625,251.98846529703587,0.74000000961467,13.9129621506271,35.95804403559994,283.398465144448,253.1249786360737,4.613149926139469,3.5416641274615874,-83.9394838606962,3.4300000667567065
1667710043000027000,29.46002685546875,251.97937105689198,0.6999999881614943,12.841448903824764,35.95803057781539,283.3893709043041,249.25779162181342,4.61314999692692,3.5416640352582855,-83.93952083586656,3.4300000667567065
1667710044000031000,30.460031005859374,251.65033053141087,0.6999999881615304,14.279477785452821,35.958016075678835,283.060330378823,245.03904226005704,4.613150066015415,3.5416639452679295,-83.93955268981631,3.4300000667567065
1667710045000034000,31.460033935546875,251.8305670451373,0.730000019126529,16.89801948775282,35.95801053889808,283.2405668925494,248.20310801785683,4.613150113061652,3.5416638839884436,-83.9395777356717,2.8099999427792683
1667710046000036900,32.46003686523437,251.5888680703938,0.7099999786184515,13.901834064921895,35.95800109821509,282.9988679178059,249.96091719899533,4.613150171481256,3.5416638078947145,-83.93961549045493,3.3199999332423484
1667710047000040400,33.46004052734375,247.46155853942037,1.8665050531062097,26.775859269121906,35.95798286805132,278.8715583868325,244.01269832125132,4.954130664793515,3.046494114378264,-83.93965929017715,3.7982486199764876
1667710048000043500,34.46004345703125,247.6479083178565,1.613216074767219,26.038739074258476,35.95796685592401,279.0579081652686,243.69393103255123,4.954493223839172,3.045904451508708,-83.93969445300446,3.5729569364810136
1667710049000046600,35.460046630859374,247.483746830374,1.5784109834568123,27.46660281219317,35.95795555289701,278.8937466777861,245.45917947097504,4.953085035317414,3.0481938366356442,-83.93972677123344,3.371036604931879
1667710050000049000,36.460048828125,248.00739159341902,1.2115205788503918,18.006834288935394,35.95795743451131,279.4173914408311,251.04409025663182,4.905598061418025,3.1240430042815595,-83.93975547864241,3.423384845860565
1667710051000051500,37.46005151367188,247.85814144741744,1.1911982266303198,18.638325908222495,35.95794799601785,279.26814129482955,249.14840081561576,4.894981551839276,3.1406516266440625,-83.93977865206209,3.170742993128195
1667710052000053800,38.4600537109375,247.08323293738067,1.2103632600262126,17.290067750499656,35.95793233963809,278.4932327847928,251.6162501896815,4.8908441756506935,3.1470907648640383,-83.93982259310711,3.4708056092741026
1667710053000056800,39.46005688476563,247.51556535623968,1.2570691336438284,17.907756442143647,35.95791448100063,278.9255652036518,248.94008904387485,4.89149969663694,3.1460717967951024,-83.9398613748498,3.5456343305586024
1667710054000059100,40.46005908203125,247.0225021727383,1.2655552343325023,17.765713504695974,35.95790973426676,278.4325020201504,254.80796076958904,4.901582723682611,3.1303392524908515,-83.93990166058909,3.544623121222103
1667710055000062000,41.46006201171875,246.97559027839452,1.191738093715122,19.858783529052978,35.957889051522585,278.38559012580663,243.46236277856747,4.898840167542464,3.134629490970401,-83.93992177939417,3.206960189697538
1667710056000064000,42.46006396484375,247.07852375600487,1.217928436270984,19.33293023793276,35.95788863268456,278.488523603417,252.46770973491647,4.910766986837739,3.115911525344297,-83.93995853892879,3.2818349738699637
1667710057000065800,43.460065673828126,246.65788816288114,1.2512483469120428,19.03989875200781,35.95788516200722,278.06788801029325,253.63889763678057,4.8991046491506545,3.134216117222819,-83.93999008912006,3.2402401542630006
1667710058000068600,44.46006860351562,246.87324950564653,1.212221439215319,19.38581474577241,35.95786346687278,278.28324935305864,247.3283223908319,4.895212694054408,3.1402913420186698,-83.94002435105863,3.265135569926555
1667710059000071200,45.4600712890625,247.15544032212347,1.1234745421320822,17.95446497993017,35.957844617922625,278.5654401695356,243.56432761123847,4.900284909581455,3.1323704821934943,-83.94006215459765,3.6566519895836365
1667710060000073000,46.460072998046876,246.31763325445354,1.174284560303048,21.403945196517014,35.95783655587929,277.72763310186565,247.51801476932093,4.924152799485946,3.0947142420752765,-83.94009529092347,3.2703917038805534
1667710061000075300,47.4600751953125,246.33876042533666,1.2491756119400335,22.765320813900264,35.95782922602521,277.74876027274877,250.1978428550757,4.997863895297476,2.974204686444895,-83.94013293456075,3.2577469394776517
1667710062000078000,48.460078125,246.2930001085624,1.241630743060791,20.950467109727356,35.957811232669656,277.7029999559745,247.8826453390954,5.018543373704165,2.939176660059557,-83.94017161997616,3.490052564989953
1667710063000079600,49.46007958984375,246.27003564033657,1.218128747355381,20.48583082335814,35.957798692818635,277.6800354877487,246.79756258729412,5.009158292164593,2.955143014614949,-83.94020650052452,3.4448582080529495
1667710064000081700,50.46008154296875,246.0312711019069,1.2949017437511656,19.96616357081225,35.957789479681004,277.441270949319,255.5742425467418,5.0126047475904185,2.94929325046236,-83.9402478360997,3.5317395112903203
1667710065000083000,51.4600830078125,246.24484086874872,1.2408695693616203,20.48117970282102,35.957776261548425,277.65484071616083,252.67385782249664,5.017987562645485,2.9401254826833623,-83.94027018163648,3.169632671108512
1667710066000085800,52.460085693359375,246.64651582669467,1.2408181828771534,20.83515842343614,35.95776247447535,278.0565156741068,250.91971064103683,4.995141345992306,2.978774910319175,-83.94029539946271,3.016449668116888
1667710067000087300,53.46008740234375,245.47942459397018,1.264242380935477,19.503056358775023,35.95774674532408,276.8894244413823,246.46586593374147,4.977612579048717,3.007974409080771,-83.9403296154297,3.2794675587596114
1667710068000089600,54.460089599609375,245.68978040479124,1.2333104753512492,17.21528872772147,35.95772999401432,277.09978025220335,249.34837300085502,4.962103126146794,3.0334913216083295,-83.94036984325982,3.6045719140940187
1667710069000091100,55.460091064453124,245.95092996861786,1.2494611157042932,19.469327454515184,35.957717921639336,277.36092981602997,250.46479706900732,4.956620665456347,3.0424412256541484,-83.94039673847523,3.3364477493581
1667710070000093000,56.460093017578124,245.88965346757323,1.26067159176049,19.46021390628252,35.95771344234483,277.29965331498533,255.77513087858588,4.965384745545191,3.0281168011647033,-83.9404377316783,3.410307944558239
1667710071000095500,57.46009545898438,245.3932484863326,1.2368885510311598,19.015228868018543,35.957690176118845,276.8032483337447,251.81764993238414,4.967800802135159,3.0241514881192892,-83.94047224844147,3.5083074954611653
1667710072000096800,58.4600966796875,245.6990903392434,1.1346041143417924,18.140543211805664,35.957647727100166,277.1090901866555,242.5000515725988,4.917731594576281,3.1049078885685257,-83.94049587644896,3.4866136668688443
1667710073000099000,59.46009912109375,245.53748707752675,1.0538274883724985,18.897859567094322,35.9576333040465,276.94748692493886,238.15233071471465,4.930042306326473,3.0853233040671757,-83.94052418164122,3.4997694724743202
1667710074000100400,60.460100341796874,245.8531484156847,1.1793343490293957,17.68792687311028,35.957627933076004,277.2631482630968,245.7706714308693,4.922673903594765,3.097066139373828,-83.94055680984793,3.5838440583286197
1667710075000102100,61.46010205078125,245.20120881684124,1.1798955428405355,17.503693467200407,35.95762389819612,276.61120866425335,250.74270024706075,4.920477208575108,3.1005549620482054,-83.9405900377333,3.435931996874678
1667710076000103400,62.460103515625,245.19241642858833,1.0901656779190971,17.318667954882685,35.95760851130912,276.60241627600044,249.3620100158922,4.928243303561739,3.0881960711210863,-83.94062493530282,3.4119095773036605
1667710077000105500,63.46010546875,245.40868813265115,1.2557505970767708,18.140506747990944,35.957609888931955,276.81868798006326,255.2468765935996,4.934948000294638,3.0774705956640394,-83.9406626039602,3.381363641434518
1667710078000106800,64.46010668945313,245.09083521738648,1.1356117113054653,16.304959073639267,35.9576027677871,276.5008350647986,254.899611865144,4.931977896018425,3.0822282631198017,-83.94069849114798,3.604941558517461
1667710079000109300,65.460109375,245.10822765808553,1.2069698391567445,16.130070897837136,35.957589139426965,276.51822750549763,252.39006266508397,4.922097776775457,3.0979816830722124,-83.94073745938148,3.7077294371213334
1667710080000110600,66.46011059570313,245.36684954725206,1.2159042231192672,20.023083908330737,35.95758135940377,276.77684939466417,249.41970825660923,4.934664491478839,3.0779251760442015,-83.94075924014115,3.142513397127771
1667710081000113000,67.46011279296874,245.2462302185595,1.2307117101667782,20.12269316697074,35.95757832730608,276.6562300659716,249.36193575359184,4.931265894189127,3.083367268684667,-83.94079367056915,3.1874497223817784
1667710082000114400,68.46011450195313,244.81739395484328,1.1737794979302074,15.871142514775487,35.95756497043079,276.2273938022554,249.80748381888685,4.9183139312595054,3.103985358594255,-83.9408403735787,3.655028496556633
1667710083000116500,69.46011645507812,245.2927114609629,1.113524066950677,15.495002871723251,35.95754994315272,276.702711308375,248.65889611175822,4.915507202995269,3.1084282153671263,-83.94087441493357,3.710467604436617
1667710084000117800,70.46011767578125,244.14201424270868,1.1952023217409213,16.080559806895415,35.95754030127254,275.5520140901208,249.10849793853504,4.916529950701678,3.1068103058671266,-83.94091949820249,3.801591744546686
1667710085000118800,71.46011889648437,243.82722192909569,1.2381332777497644,17.39386983119231,35.95753368594186,275.2372217765078,246.81217000523003,4.900507617495435,3.132022050314787,-83.94094933494267,3.600873955165701
1667710086000120600,72.46012060546875,243.62791819591075,1.2188170338359834,16.821450851030466,35.9575297113471,275.03791804332286,249.83040034661624,4.8994645890388435,3.1336534226910415,-83.94098952195495,3.714477872261629
1667710087000122600,73.46012255859375,242.8558406867087,1.2544487876581853,16.1862930949651,35.957513703777074,274.2658405341208,248.50308117051657,4.908480756173348,3.11951177254787,-83.94103312772387,3.9688297171794478
1667710088000123400,74.46012329101562,243.13647175766528,1.1595804439029762,16.125169093116348,35.957498710088714,274.5464716050774,247.59193324834138,4.891382934836357,3.1462533301659765,-83.9410706239427,3.6954740562693913
1667710089000125400,75.46012548828125,242.85709516331553,1.0055552841703908,15.932303345466819,35.95748032526218,274.26709501072764,243.32215080436657,4.8858624671936814,3.1548193267534197,-83.94110211235682,3.6752028027346593
1667710090000127500,76.46012744140624,242.69570658169687,1.064621878429221,15.910911288493534,35.957468419336735,274.105706429109,243.06434345393404,4.880316320653871,3.163392110243101,-83.94113973528796,3.6934291501415313
1667710091000129300,77.46012939453125,242.79669972788543,1.1578178485662047,17.132239364300908,35.9574591598448,274.20669957529753,244.33244028520252,4.885268099685168,3.1557396323187548,-83.94117375328386,3.662452422808723
1667710092000130300,78.46013037109375,242.65063079912215,1.1879151657971905,17.02591556472382,35.95745331690366,274.06063064653426,249.3481014165753,4.895782131583026,3.1394035027153167,-83.94120573602915,3.6177151860912087
1667710093000132600,79.46013256835937,242.33970874082297,1.1908946962543068,17.631642347340392,35.957434773286955,273.7497085882351,249.54044658584917,4.90459948116999,3.1256104943028165,-83.94123675650408,3.488336452111757
1667710094000133600,80.46013354492187,242.47669298760593,1.0929358340268025,15.900334369524723,35.95742771865191,273.88669283501804,253.2056988159316,4.905014717005147,3.1249588251290206,-83.94127570785977,3.586646561949481
1667710095000134700,81.460134765625,242.1001273682341,1.0172910496700935,17.986960620601064,35.95740212881407,273.5101272156462,241.89300098867145,4.8844024610734715,3.15707928805221,-83.94130387975284,3.221407648596653
1667710096000137200,82.46013720703125,242.05968912132084,1.114196162457277,16.04776700954132,35.957396909976566,273.46968896873295,248.9457896441549,4.853264443120693,3.2047404384644356,-83.94135130964783,3.413020365360565
1667710097000138200,83.46013818359376,241.89672391861677,1.0548933038229977,16.985587269331297,35.957381772336255,273.3067237660289,246.3794567092411,4.855920187532504,3.2007149459305375,-83.94138130465633,3.371883185150264
1667710098000139800,84.46013989257813,241.76435329020023,1.1579483142684748,18.77068294053399,35.95737613226289,273.17435313761234,248.91237649251957,4.854392634265457,3.203031249485105,-83.94141100849264,3.1901394260377365
1667710099000141000,85.46014111328125,241.93358726706356,1.2014816396693868,16.767738848366506,35.95736715748103,273.34358711447567,250.59264668986646,4.856655102378208,3.1995997014208752,-83.94145138006655,3.613540662593545
1667710100000143600,86.4601435546875,241.86805452685803,1.1176951707117537,17.850662637624975,35.9573589468511,273.27805437427014,245.73673841198016,4.859438146250293,3.19537132983889,-83.94147512491384,3.411473732305009
1667710101000145000,87.46014477539063,241.60501261427999,1.1272368087151006,17.62098140268283,35.95734942971338,273.0150124616921,245.49347012241358,4.8636238994974095,3.1889966442482267,-83.94150568504814,3.341776074302269
1667710102000146000,88.46014599609374,241.45375602133572,1.1908350596461537,17.473915835272763,35.95733151852776,272.86375586874783,244.46212048677586,4.860722669391233,3.1934170044100094,-83.9415432177505,3.530684399563693
1667710103000147500,89.4601474609375,241.24338036496192,1.1125969030907925,16.925002315390742,35.95731361431429,272.65338021237403,243.58007277639774,4.8691286971934975,3.1805852862257264,-83.94158195883469,3.5871364257785787
1667710104000149000,90.46014892578125,241.2000832464546,1.1676456770703005,16.583449911662804,35.9573016018898,272.6100830938667,245.57871895824672,4.885384917447211,3.1555587842992474,-83.94162286264398,3.7996428286697155
1667710105000151000,91.46015112304687,240.66694679670036,1.2187256657724335,16.593779648945905,35.95729863825865,272.07694664411247,253.52399737771526,4.8846077623059445,3.1567616383264268,-83.9416581880612,3.5991072857449473
1667710106000152000,92.46015209960937,240.77125788107514,1.3265481894205395,18.48619824892077,35.957291742578164,272.18125772848725,258.6979774691623,4.906316493803768,3.122914583432908,-83.94168711870554,3.3607519122358127
1667710107000153600,93.46015356445312,240.4115592557937,1.2658397238394083,17.70890551304319,35.95728802707811,271.8215591032058,263.6568182755129,4.9190514664362475,3.1028164147013673,-83.94173021898139,3.550567324998196
1667710108000155400,94.4601552734375,240.3514340808615,1.0868009283513176,19.72443248878316,35.957271041491715,271.7614339282736,254.34161951174704,4.931591854857254,3.0828458946068684,-83.94175409134097,3.114295749946912
1667710109000157400,95.46015747070312,240.04513276554644,1.1166649589960667,21.2401832812333,35.95725317568298,271.45513261295855,245.62434864718125,4.941352935873289,3.067175931687855,-83.94178571770672,3.0289540327252995
1667710110000158700,96.46015869140625,240.00429024361074,1.1660087743724097,21.228905265443057,35.95725094642223,271.41429009102285,242.39384551061914,4.92857859950984,3.087660930420059,-83.94181322709251,3.017051458984583
1667710111000159700,97.46015966796875,240.18102155067027,1.1319534886158757,20.632211266008916,35.95724283236102,271.5910213980824,241.80844544797844,4.9227147176726,3.097001265934262,-83.94184536837578,3.1727590832174624
1667710112000161300,98.46016137695312,239.85444462299347,1.1209379218425832,21.046514025863345,35.95722378873478,271.2644444704056,244.91086395584216,4.925009314655697,3.093350979656763,-83.94188382252712,3.1685837140219504
1667710113000163300,99.46016333007813,239.96257538348436,1.2043508165895287,21.36590634486898,35.95721713622359,271.3725752308965,247.9274178262047,4.9317518805487826,3.082589888631374,-83.94191260550065,3.1128444125939243
1667710114000164600,100.46016455078124,240.2240832047537,1.199278310095423,20.06349899425914,35.95721785443487,271.6340830521658,254.01620301935503,4.916364074782329,3.107072789134256,-83.9419457980105,3.0960940187512738
1667710115000166000,101.46016577148437,239.90078217163682,1.2820695465775416,19.042701117916913,35.957203695730826,271.31078201904893,251.88674062634618,4.9073716672711685,3.121256213778842,-83.94198359907968,3.3649693271663823
1667710116000168000,102.46016796875,239.59270571079105,1.221911151025575,19.604356612341334,35.95719452964469,271.00270555820316,251.9572172099509,4.890092090335476,3.1482592620092853,-83.94201259366916,3.1797978999837224
1667710117000168700,103.46016870117188,239.36873391550034,1.224856581820262,20.656033223392523,35.95716788844657,270.77873376291245,238.72499503407005,4.895234617738662,3.140257166233659,-83.94204055183226,3.2991390982823554
1667710118000170800,104.46017065429687,239.6101985881105,1.0686292153075165,17.026046517295022,35.957165551723115,271.0201984355226,250.14303983244426,4.868547988620033,3.181474110423132,-83.94208403029809,3.467579288454582
1667710119000172800,105.4601728515625,239.43689309991896,1.1769674279080427,18.914305737149324,35.957151873450215,270.84689294733107,250.11094490184726,4.859829896931216,3.194775485958654,-83.94211128660871,3.1511096635130555
1667710120000174000,106.46017407226563,239.35652236826718,1.1452822860293428,19.297291135360894,35.95713347578931,270.7665222156793,244.6285133877554,4.866163386051488,3.1851202383961517,-83.94214424695234,3.212810835126439
1667710121000175400,107.46017529296876,239.44469575304538,1.1863057378846953,19.775219532064575,35.957122811171715,270.8546956004575,244.77964037111542,4.861935936907374,3.1915695164287827,-83.94218207290096,3.1243972438975045
1667710122000176600,108.4601767578125,240.088128792122,1.0787040906266385,18.83727557858025,35.95710546163406,271.4981286395341,240.06188003925928,4.850452380707153,3.208994972772807,-83.94221534865544,3.2132797296660867
1667710123000178700,109.4601787109375,239.47496148385108,0.9095271246874245,17.2648498616879,35.95709790513987,270.8849613312632,245.82376420812227,4.847970089653332,3.212743849517963,-83.94225134568576,3.347949003787717
1667710124000180700,110.4601806640625,239.33981691207737,1.2159933860303194,18.70595204091095,35.957086479161354,270.7498167594895,246.58403620107688,4.845720256148856,3.2161362272045477,-83.94228362430275,3.2841305915330996
1667710125000181800,111.460181640625,239.7378866681829,1.2169450881131665,17.694737153386534,35.957080303925174,271.147886515595,254.2870430031292,4.854341513020039,3.2031087255600847,-83.94231995123567,3.474858628861069
1667710126000183000,112.46018310546874,240.41157252714038,1.108788897312493,16.592175738873205,35.95707131401223,271.8215723745525,258.5270562891473,4.873897406196949,3.173272932896805,-83.94236509978482,3.819884680907621
1667710127000184300,113.46018432617187,239.78211309667677,1.0631356574521837,16.83853366526066,35.95704875506272,271.1921129440889,247.09306997205007,4.843114966663543,3.220058144268271,-83.94239006751567,3.550941105063815
1667710128000186000,114.46018603515626,239.25527078658342,1.1653678867812634,17.071501722213682,35.95703243402993,270.66527063399553,241.84690015986,4.853388625256184,3.204552368900019,-83.94243086156104,3.6608187514159565
1667710129000188000,115.46018798828125,239.48151430208236,1.128104167182433,18.346340750558863,35.9570202048459,270.89151414949447,241.56920556779983,4.859149808011807,3.1958097840903577,-83.94245935881123,3.424686933560246
1667710130000189400,116.460189453125,239.53946356847882,1.0797942849850009,20.428863239639547,35.9570036677253,270.94946341589093,236.04490959473884,4.86619629630943,3.1850699581913786,-83.94248544686889,3.14890916848544
1667710131000190700,117.46019067382812,239.69006653595716,1.1993425692572313,18.380215258094204,35.95700688936338,271.10006638336927,251.42309760704114,4.869901184250163,3.179402379131603,-83.94252564737607,3.289483910479142
1667710132000192800,118.46019287109375,239.7427223753184,1.2296088796261626,19.68772764568912,35.95699834522528,271.1527222227305,253.94957525294785,4.868072036173773,3.182202332255411,-83.94255527179929,3.131919766985833
1667710133000194000,119.46019409179688,239.6121219713241,1.25593969756425,20.148819728395566,35.95699153744897,271.0221218187362,257.84704854249486,4.8877490938021,3.151895592944917,-83.94258919413953,3.210728578415804
1667710134000195000,120.46019506835937,239.56756600923836,1.2465123050844722,20.1741430984858,35.9569883752451,270.9775658566505,259.80608771197757,4.9155201943703535,3.108407671385154,-83.9426242848927,3.378896166698214
1667710135000196900,121.46019677734375,239.1813644990325,1.2955846537599292,19.196897752736934,35.956968222277276,270.5913643464446,253.2961738268906,4.9055886134879545,3.124057840054529,-83.94265519928597,3.3906586832382173
1667710136000198400,122.46019848632812,239.79440871346742,1.1366026242254805,20.79344467748452,35.95696079763477,271.20440856087953,254.87480912532314,4.954577852989252,3.045766788750781,-83.94268448665359,3.281876596198933
1667710137000199700,123.46019970703125,239.17992642801255,1.297220894570571,20.08115935460047,35.95695271675847,270.58992627542466,257.9237427552215,4.972286070790642,3.0167711651714977,-83.94272107044499,3.3949845278677864
1667710138000201700,124.46020166015624,239.93062914162874,1.3743120149441284,20.89194705224428,35.95694362514086,271.34062898904085,259.6005018331406,4.989187768331131,2.988735927632929,-83.9427522972256,3.2256005236928393
1667710139000203000,125.460203125,239.8839518679306,1.2514650717138476,21.280913403639282,35.95692871481875,271.2939517153427,254.05752824873173,4.992368203995367,2.9834203104029626,-83.94277821191079,3.0698523140115
1667710140000204500,126.46020458984376,239.0982755916193,1.2352219834796079,22.55447860961127,35.956913389454364,270.5082754390314,249.28578020375576,5.049172072651689,2.8862429581625806,-83.94280545311118,3.1795648314824967
1667710141000206600,127.46020654296875,239.4212296679616,1.149031279427234,24.979980507319013,35.9569014821263,270.8312295153737,244.85704112574643,5.136961297432917,2.726933380459661,-83.94283521983621,3.0649891459932106
1667710142000206800,128.46020678710937,238.5903255706653,1.155977902809104,22.769915341952714,35.95687381223393,270.0003254180774,229.87906651875784,5.109011402264142,2.778945757715293,-83.94285238738247,3.1425739919786815
1667710143000209700,129.46020971679687,238.42709770798683,1.1104291681951122,21.88749080089476,35.956852727721795,269.83709755539894,229.92660593275917,5.150243449558832,2.701764135350306,-83.94288661948369,3.3928553404143553
1667710144000210000,130.4602099609375,239.8869266230613,1.130017923539749,20.528669700832975,35.95684011105605,271.2969264704734,235.6845196632197,5.1495427268029355,2.703099468687718,-83.94292473845825,3.5250735792533527
1667710145000212500,131.46021240234376,239.29687918908894,1.1619124257733267,20.592400578119946,35.95684090110829,270.70687903650105,241.67687723425854,5.15198168713803,2.698448022138505,-83.94295150077905,3.4825678227239116
1667710146000185000,132.46018505859374,239.0406909622252,1.3068701408775087,19.331727273979467,35.95683836466435,270.4506908096373,254.5524686809444,5.100544410224798,2.7944558955391297,-83.94298785107259,3.3160111154200624
1667710147000184000,133.46018408203125,238.63409123849124,1.3286321902008023,20.061276514643577,35.956827426704514,270.04409108590335,250.45625268412311,5.067417870055932,2.8540870980099124,-83.94301962541829,3.2399892130040917
1667710148000180500,134.46018041992187,238.57926687505096,1.2975661590922836,20.813640935766294,35.956812708355955,269.98926672246307,241.5875975872248,5.0180572237059815,2.9400065871356573,-83.94304645756789,3.2566324042692973
1667710149000177400,135.46017749023437,238.36995665170252,1.2767419865964713,19.144141054820693,35.95681141079535,269.77995649911463,248.1576167815762,4.978743719705413,3.006101795728605,-83.9430790681193,3.296797338666923
1667710150000170800,136.4601706542969,239.11703721247613,1.2892753391930127,19.351913442206797,35.95681430966891,270.52703705988824,251.1494118122991,4.950424110717462,3.0525134163204033,-83.94310720656054,3.177670425938779
1667710151000164600,137.46016455078126,238.26785591058433,1.3039446983427365,21.927167279632446,35.95680177676561,269.67785575799644,247.36519498923826,4.948885124764905,3.0550078649112327,-83.94313241227039,2.962818795237711
1667710152000158000,138.46015795898438,239.12607442773879,1.3330962838562068,20.671469179108705,35.95680416611677,270.5360742751509,254.75214691208515,4.943815587809268,3.0632049338108187,-83.94316614973991,3.0870917100868134
1667710153000154400,139.460154296875,238.2441119775176,1.3456968415052397,21.80025685800771,35.95679963007608,269.6541118249297,260.58988686054846,4.9635664696472706,3.0310963254542354,-83.94319093065327,2.9831909199743536
1667710154000151300,140.4601513671875,238.46273112110794,1.362066030985729,22.804653937218948,35.95679087350679,269.87273096852005,258.83012945656895,4.967034526159762,3.025409897637955,-83.94321117407411,2.84675827135257
1667710155000147500,141.4601474609375,238.55058526527137,1.3727345786773564,23.49089134155968,35.95678705779699,269.9605851126835,262.36414677750145,4.962959147992022,3.0320906200427356,-83.94324219451916,2.664316500011195
1667710156000142800,142.46014282226562,239.0752642918378,1.3340016617873076,25.91179481469978,35.95677307114172,270.4852641392499,250.30045712636417,5.031010594157841,2.917785021940514,-83.94325872206552,2.646908001899757
1667710157000137700,143.4601376953125,240.387945224531,1.2613092324435353,25.957687247458793,35.95676347626117,271.7979450719431,244.1870700698243,5.084889573941579,2.8228416628654642,-83.94328619136519,2.7071683574312337
1667710158000134000,144.4601337890625,241.00157043989748,1.075287401573813,23.713088760496166,35.956768058433234,272.4115702873096,241.99496845713983,4.909045244938039,3.118623384754893,-83.94327351688592,2.087035409299185
1667710159000130600,145.46013061523436,240.3792969873175,1.1567694012223886,25.62777689077565,35.9567549329543,271.7892968347296,247.21335726129408,4.848654424912937,3.211710961553209,-83.94327683883805,1.9442805181367586
1667710160000126500,146.46012646484374,239.97305990103632,1.1534891185186282,22.95671520407059,35.95673181913201,271.38305974844843,245.3450529930821,4.827235125562233,3.243815357773467,-83.9433100886759,2.216078406024042
1667710161000123400,147.46012329101563,239.36917100660503,1.0902352109948472,22.364755953188016,35.95671743143958,270.77917085401714,237.2164215035192,4.807747297860251,3.2726293637847665,-83.94333298501267,2.2252949274634886
1667710162000120600,148.46012060546875,238.98225122038275,1.104069388892675,36.40736136900645,35.956722339563214,270.39225106779486,240.1079577727495,4.797539374887589,3.287575547298045,-83.94332004296466,1.3104536759181509
1667710163000117800,149.46011767578125,238.93213629163802,1.3148461784084575,52.88876181330213,35.956721044054525,270.3421361390501,242.65271854910853,4.803105031356926,3.279438837749931,-83.94332699385443,0.9728752282358111
1667710164000115700,150.46011572265624,238.4454277213663,1.3488786567783686,50.80690846566303,35.956721137336054,269.8554275687784,243.43783430697357,4.813625795568896,3.2639766747056487,-83.94333476626828,0.9767266201293371
1667710165000113000,151.46011279296874,237.90793355274945,1.4493450859396309,60.87464706516334,35.95672360414065,269.31793340016156,252.0297389771933,4.8516337356777255,3.207208619286036,-83.9433420000117,0.7968285382869302
1667710166000111600,152.46011157226562,237.40987249463797,1.3678325535640272,64.78635267402329,35.95672036728727,268.8198723420501,248.19308976706168,4.858179892832956,3.1972840289318065,-83.94334773068496,0.6151432161386258
1667710167000109300,153.460109375,237.56352111883461,1.4094874770239159,40.68183540315245,35.95671256138807,268.9735209662467,246.71019598377737,4.846715887577787,3.2146356151031954,-83.94336965641872,1.2539312458346517
1667710168000106800,154.4601066894531,237.88347788807005,1.5465157710680406,36.468343466542755,35.95670454713466,269.29347773548216,246.60806228372633,4.861382793223141,3.1924119988721387,-83.94339348376731,1.6894239333711545
1667710169000106000,155.46010595703126,237.78975304961205,1.3302601318908904,21.77312914878564,35.956695634299024,269.19975289702415,250.26429722221752,4.870107830316812,3.179085836191862,-83.94343002182468,2.6039139616082623
1667710170000104700,156.46010473632813,237.7414366491139,1.2978597086872938,23.126238473580518,35.95669872188495,269.151436496526,257.0328684443463,4.864277467219734,3.1879996478492907,-83.94344894704909,2.3431847054050197
1667710171000103400,157.460103515625,237.6112269964069,1.2529534709791765,22.518287228738743,35.95668964181022,269.021226843819,251.5606018876196,4.865791351065756,3.1856885536226747,-83.94347435452411,2.4395329531389858
1667710172000103000,158.46010302734376,238.51070935931057,1.24866746152534,23.11643475364801,35.956689696745926,269.9207092067227,251.32177029801653,4.865142090196012,3.1866800082518503,-83.94349617131941,2.402603363214233
1667710173000101400,159.46010131835936,238.78624904714525,0.7581590969026248,24.68432119223586,35.956686355314446,270.19624889455736,249.39725049897385,4.8533699682209965,3.2045806253485587,-83.94350886737622,1.9215886258126549
1667710174000100600,160.4601005859375,238.80697659030557,0.7304109706915567,24.955006908977875,35.95667976920439,270.2169764377177,247.84552218725082,4.8586506449387175,3.196568620134006,-83.94351960616767,1.8693253956207683
1667710175000100900,161.46010083007812,239.11466497648507,0.7605719448747426,24.306095189696066,35.95667616058701,270.5246648238972,249.1212961521689,4.859687600411088,3.1949919341368553,-83.94353202186404,1.853027025878962
1667710176000099300,162.46009936523438,238.7992840744555,0.8510081902536758,25.527218812893622,35.95666714674174,270.2092839218676,244.35420290766393,4.865694937806338,3.1858358094846344,-83.94354374923566,1.8399294009560032
1667710177000099600,163.460099609375,238.8019183697179,0.7891964825122012,24.89199721035806,35.95665977937346,270.21191821713,242.6066335551906,4.870129394791926,3.1790528008783476,-83.94355834904243,1.8649674968828711
1667710178000099000,164.46009912109375,238.91532832942903,0.8293791673664302,25.4256685763133,35.956647849779465,270.32532817684114,241.83463109502355,4.877577419315502,3.1676135419858844,-83.94357692241668,1.8982304782035597
1667710179000098800,165.4600988769531,238.34448111895472,0.8167219558194246,26.27418751965364,35.95664703824224,269.7544809663668,247.9078070424954,4.89504493206019,3.140552840806963,-83.94359721675102,1.9013646755594724
1667710180000098800,166.4600988769531,238.23518445249647,0.7543963789349428,26.012372736804704,35.956641719536044,269.6451842999086,247.8618951572202,4.911577727653942,3.1146334066792805,-83.94361661413049,1.9061190625877011
1667710181000098600,167.4600986328125,238.3783752163872,0.7588758274695578,25.9728061733353,35.956637162451905,269.7883750637993,247.6780568109661,4.930339395243437,3.0848485344501775,-83.94363538874705,1.9718001269704362
1667710182000098800,168.4600988769531,238.41333023179322,0.7602967648985962,26.39778632224262,35.9566272912033,269.82333007920533,246.18727162254277,4.944755215243621,3.0616879158578265,-83.94365706311976,1.9622601866477185
1667710183000098300,169.46009838867187,238.21192073915154,0.8001106432295767,27.717529083658793,35.95662270370361,269.62192058656365,250.54204513138924,4.9725841010678185,3.0162798926154695,-83.94367789138794,1.92068480986568
1667710184000098800,170.4600988769531,237.8851393153891,0.8736634817495692,25.61610310000085,35.95661853495048,269.2951391628012,248.8767313929357,4.941252901448513,3.0673370856029982,-83.943699190043,1.9096519858805026
1667710185000099000,171.46009912109375,237.18762272410095,0.9213381741029057,23.432182249359865,35.956608098784805,268.59762257151306,250.75231138154373,4.921193447532965,3.099418023556592,-83.94372012880092,1.9144399697727827
1667710186000098800,172.4600988769531,236.8167192824185,0.8882700211513228,26.780093459056634,35.956605276554484,268.2267191298306,255.33057103425938,4.930976571100393,3.0838299382501377,-83.94373954284202,1.8755026400535748
1667710187000099000,173.46009912109375,236.9034262597561,0.8160159035935441,26.94049126871621,35.95660335036921,268.3134261071682,256.8538984904163,4.9375638343681505,3.0732719395342363,-83.9437677690554,1.952967578241612
1667710188000100000,174.46010009765624,237.40976054407656,0.7195683949684918,24.205500687809614,35.956582698946285,268.81976039148867,244.86059861899327,4.90999810185553,3.1171229800192233,-83.943784884138,1.9899411762118808
1667710189000100600,175.4601005859375,237.2440462205559,1.1899386621870627,19.314952550253,35.956579420602615,268.654046067968,250.29440510758428,4.889503576198835,3.149173194844583,-83.94382519923447,2.73099426980454
1667710190000100000,176.46010009765624,236.64457517582923,1.2350847714684516,19.330369093838794,35.95657172368908,268.05457502324134,254.4965416783768,4.888188215350943,3.1512145284148776,-83.94385959288881,2.923724633390729
1667710191000100900,177.46010083007812,236.64965454954654,1.2240385926407564,20.369437027927415,35.956564318620394,268.05965439695865,250.7896258549728,4.882122194986994,3.16060435771455,-83.94388894731784,2.864468586129375
1667710192000102000,178.46010180664064,236.70549115445465,1.2590166319739495,19.623878286117357,35.95656084970204,268.11549100186676,252.19883924323716,4.882566296168708,3.159918257851968,-83.9439263367572,3.01334858524038
1667710193000102100,179.46010205078124,236.98512748349458,1.148866511527778,19.37193565252971,35.95654515986223,268.3951273309067,245.96967737121903,4.880137883137099,3.16366737732635,-83.94396191717003,3.053799582103128
1667710194000103000,180.46010302734376,236.75999931339175,1.203755254813307,22.983622570403778,35.95653283781938,268.16999916080385,243.58669980396184,4.87450624497901,3.1723376082077817,-83.94397752342384,2.610449881718376
1667710195000103400,181.460103515625,235.79660700634122,1.2258711295791074,25.315332511920136,35.956531607362905,267.2066068537533,251.4182691588758,4.872779302406104,3.1749895909800268,-83.94399138173557,2.1244411868957815
1667710196000104400,182.4601044921875,235.55747293122113,1.1637291014938125,32.54885127471626,35.95652016769292,266.96747277863324,234.08744551685953,4.876392794205465,3.1694369136188616,-83.94399219346371,1.7590471519156763
1667710197000104000,183.46010400390625,235.37551531754434,1.3116006806701341,132.31237483697228,35.95653908923279,266.78551516495645,270.5187170166131,4.888980622158045,3.14998500138524,-83.9439725657813,0.3658039543230367
1667710198000105200,184.46010522460938,234.88806025870144,1.3813236956141988,54.3332509496033,35.956554903541665,266.29806010611355,57.87390268248932,4.906544812523772,3.122555849858397,-83.94393523109122,1.2992844654186464
1667710199000106500,185.4601064453125,234.94754854310304,1.2775157493135016,26.589716984149526,35.956569506827705,266.35754839051515,63.06447122502113,4.915290204715374,3.1087713386831677,-83.94389972830015,2.2992511406013407
1667710200000107000,186.46010693359375,234.94124484341592,1.0406575602924222,20.267962213197883,35.9565938522891,266.351244690828,46.965671159871015,4.88321814074775,3.1589108285389957,-83.94387698248102,2.8127708307845527
1667710201000107500,187.460107421875,235.20700551569462,0.9901466664654358,20.34130576616849,35.95661128474776,266.6170053631067,47.08332811554074,4.87800756833028,3.1669510883658027,-83.94383965299042,3.028819316418114
1667710202000108800,188.46010888671876,235.67488476913422,0.9836839709281947,20.510184118654433,35.95662470904813,267.08488461654633,53.79248858527823,4.888830502928822,3.1502179839531044,-83.94380271457467,3.0950115091737436
1667710203000109600,189.46010961914064,236.27747421897948,0.9992857888768021,24.78026614419013,35.956641591891724,267.6874740663916,52.42174815553434,4.924106280882248,3.0947882588902305,-83.94377796090653,2.749963392157638
1667710204000110600,190.46011059570313,236.0499522574246,1.0037177816602811,23.98955240596882,35.95666135812579,267.4599521048367,45.925624789955265,4.948338327832404,3.0558934579094292,-83.943752601781,2.775321014145163
1667710205000110600,191.46011059570313,236.17816509399563,0.9879043183657205,26.16752639346228,35.95667033936969,267.58816494140774,45.87774546847852,4.9544422454021175,3.0459873718982595,-83.9437347579633,2.5764685464437984
1667710206000111600,192.46011157226562,236.7212089151144,0.9772411616173491,23.517648864208095,35.956668890244146,268.1312087625265,60.619508910745786,4.943347480989475,3.063960299185328,-83.94369524412139,2.6232260358736452
1667710207000112000,193.46011206054686,237.0485927471891,1.099902802639434,20.87387169603883,35.956669832893446,268.4585925946012,63.62632069535602,4.907181235473304,3.1215555985770176,-83.94365321985612,2.7486676345318637
1667710208000113400,194.46011352539062,236.87064916733652,1.0975600112462784,21.29455852492832,35.95668646120761,268.28064901474863,62.835835381479384,4.911086731915727,3.1154075406582273,-83.94362506244414,2.891609419801107
1667710209000115000,195.4601149902344,236.9221995677799,1.022257412134123,20.22461942964068,35.956696924018466,268.332199415192,64.70323080748857,4.921634387845015,3.0987177969557447,-83.94359155559201,3.0149203133055145
1667710210000115500,196.46011547851563,237.46265916060656,1.1687547196292738,19.198756702775768,35.956705512747405,268.8726590080187,70.99910743984115,4.908036333692034,3.1202109511934757,-83.94355727400894,3.017863857163092
1667710211000116000,197.46011596679688,237.50888263247907,1.121447477995255,18.872589638713553,35.956717919775926,268.9188824798912,70.63019829274266,4.90599411263292,3.123421009021993,-83.94352675825948,3.056963101361352
1667710212000117500,198.4601174316406,237.87678574677557,1.0300650837598047,20.002615094959694,35.956729066466906,269.2867855941877,67.39599251701897,4.9093443403620824,3.1181525268247587,-83.94350000293262,2.925758311885183
1667710213000117800,199.46011767578125,238.00769944675267,0.9255836118210343,23.850395177840657,35.95675411215147,269.4176992941648,46.80841819326865,4.901185107830443,3.1309617646291876,-83.94349015240317,2.544614789459111
1667710214000119300,200.46011938476562,238.94947249908,1.042675113804446,25.403437471257643,35.95676813280731,270.3594723464921,51.73119830945782,4.929807657816366,3.0856982175390955,-83.94346291787244,2.653000618909849
1667710215000119800,201.46011987304686,238.7895205579698,1.1577359284647717,25.78417890806526,35.95677051650877,270.1995204053819,63.2817238703822,4.956458077394025,3.0427060915941846,-83.94342140223425,2.792340964267665
1667710216000121000,202.46012109375,238.16304378490895,0.9636105879394203,18.611650105386722,35.95680830591493,269.57304363232106,52.10339352727078,4.94848969019239,3.055648346725858,-83.94337263828402,3.675656785883013
1667710217000122600,203.46012255859375,238.19244811031967,1.0794792662705799,23.509368559570085,35.95680532496,269.6024479577318,58.5345618748375,4.96529093395345,3.028270624298382,-83.9433369166987,3.172298677085675
1667710218000123400,204.46012329101563,238.10743476916105,1.1788453527357856,23.11817384878514,35.95680927169033,269.51743461657315,66.93238298899385,5.001186060886917,2.9686149998238633,-83.94329975403339,3.2361548866638663
1667710219000124400,205.46012451171876,237.7471791971475,1.2938703986155757,23.892533441484254,35.95680771955204,269.1571790445596,76.78795839794688,5.066685243997885,2.8553874817689686,-83.94326527732807,3.114675635458438
1667710220000125400,206.46012548828125,238.0244618980214,1.4063760811416484,26.427914504677705,35.95680621372231,269.4344617454335,85.18625239310451,5.189571506763012,2.6254303664318184,-83.94323444273951,2.916807548351459
1667710221000126500,207.46012646484374,238.08898647408932,1.4203524795470235,24.06521990171399,35.95680577242618,269.49898632150143,88.34920949314547,5.268409099096429,2.463412794751782,-83.94319797106212,3.0753244991697963
1667710222000126700,208.46012670898438,238.27694518491626,1.4471447036168366,26.924571306502514,35.95680980830357,269.68694503232837,85.51686076039158,5.491715952061387,2.186823345630735,-83.94316136537694,3.171271692197807
1667710223000128300,209.46012817382814,237.957072166726,1.2335059932686352,22.08276061163598,35.9568348134194,269.3670720141381,73.42841385429834,5.278737873621741,2.4412012400415204,-83.94313159145109,3.257483530486439
1667710224000128500,210.46012841796875,237.87447807006538,1.0203037735782796,21.581970962498897,35.95687306182451,269.2844779174775,55.3833437118233,5.188696219239881,2.6271597928627424,-83.94310414475764,3.3155127651804737
1667710225000130300,211.46013037109375,237.83571576606482,1.0679499507926737,23.549724382226227,35.956879042443745,269.24571561347693,61.381102598246784,5.14352890729647,2.7145252646815456,-83.94307136371961,3.045451186061127
1667710226000131600,212.46013159179688,239.051423529163,1.1355288336959042,21.987718563160545,35.95688673366563,270.4614233765751,62.14186993768508,5.110432001888406,2.77633243450126,-83.9430340262119,3.0848423570727896
1667710227000132600,213.46013256835937,238.72606200072914,1.227648102756131,22.632619594313123,35.95690050276492,270.13606184814125,70.26996080939541,5.0990470656791995,2.7971871683491574,-83.94300063399935,3.1408401286896566
1667710228000133600,214.4601335449219,238.28346996661276,1.2098496193832935,24.52117040353797,35.956909877217065,269.69346981402487,65.82686010685934,5.120527798248179,2.757667873431551,-83.94297758716242,2.876338785198465
1667710229000134100,215.46013403320313,238.42227220442146,1.2046800370081117,24.108613004906815,35.95691977656274,269.83227205183357,65.4915967529776,5.109343869053863,2.778334440010874,-83.94294484837955,2.828587134478472
1667710230000135700,216.4601357421875,238.2518936805427,1.1869888826645292,21.018743887751636,35.95692108181313,269.6618935279548,69.80742694959538,5.037430789930826,2.906686785576617,-83.94291998093887,2.822168616235083
1667710231000137000,217.46013696289063,238.4442791417241,1.1825496972570373,22.832919034674042,35.956933980573446,269.8542789891362,66.37348407869725,5.0606216034589515,2.8661203776871242,-83.94289094324661,2.8955837432544764
1667710232000138000,218.46013793945312,239.1627398552373,1.090514278004592,22.402434420585976,35.956938868341894,270.5727397026494,68.21139470551475,5.074105507376242,2.8421805595005627,-83.9428586433973,2.8582440193226266
1667710233000139300,219.46013916015625,239.13397734519094,1.2791463298599166,24.83386834760236,35.956944620617286,270.54397719260305,70.72646200419524,5.138129096528036,2.7247323575354727,-83.94282391358793,3.0184714334511322
1667710234000140500,220.460140625,239.00996385049075,1.3108722526197154,23.65350333439698,35.956943339504605,270.41996369790286,76.25240976634633,5.1892830239617735,2.6260005198040206,-83.94278497331648,3.175844117666503
1667710235000140500,221.460140625,238.7992027066648,1.1867102186013627,24.60805131128267,35.95695201694422,270.2092025540769,72.65786783639969,5.292301380751511,2.411655681909107,-83.94275711558846,3.1436994786053556
1667710236000141600,222.4601416015625,238.56272748019546,1.2414756219032574,23.270199849415604,35.956965462790855,269.9727273276076,71.37238388231692,5.240195037642578,2.522873956474034,-83.94271978079412,3.166812187905804
1667710237000142800,223.46014282226562,238.7467615045607,1.075662423572493,22.923010719875307,35.95698320386636,270.1567613519728,65.30339281133489,5.183380350774557,2.6376324937324123,-83.94268844842314,2.9506685629494047
1667710238000144400,224.4601442871094,239.22598366998136,1.1951236342047855,23.7242234881213,35.9570012346735,270.63598351739347,66.63540623391205,5.150770356900619,2.7007594789730365,-83.94265887661766,3.0082410172612093
1667710239000145200,225.46014526367188,239.10247189365327,1.3530990202858564,21.57519228897209,35.95701227464236,270.5124717410654,74.46839332025107,5.0885447920824785,2.8162473136709987,-83.94261307056702,3.072364237004721
1667710240000146400,226.460146484375,239.6865217499435,1.2705513904640853,20.023944987029264,35.95700916674693,271.0965215973556,81.71132369155777,5.068221935845061,2.852659012536861,-83.94258502459455,2.737364246714273
1667710241000147500,227.4601474609375,239.10984016768634,1.2256625369315253,22.26829500010069,35.9570241414495,270.51984001509845,74.90056690633708,5.058286489860659,2.870239505560811,-83.94255953709107,2.675349493868456
1667710242000148700,228.46014868164062,239.26530369371176,1.2347032419907351,20.442975306974848,35.95703359617203,270.67530354112387,71.85823720550609,5.050759995935176,2.8834632815851378,-83.94251433794095,3.288113502894455
1667710243000149200,229.46014916992186,239.09467298537493,1.1368480318524934,23.102981992344116,35.95705086148856,270.50467283278704,65.52624412061459,5.038537765363783,2.904767498405299,-83.94249066218066,3.011874800220382
1667710244000151000,230.46015112304687,238.78099154308438,1.0855200984835858,23.55545046352873,35.957066972308226,270.1909913904965,60.864503385870265,5.041897832683509,2.898931402701721,-83.9424685155365,2.8919509700708574
1667710245000151000,231.46015112304687,239.19039375614375,1.1867126491086895,20.6483606926215,35.95707751953362,270.60039360355586,66.80056469239655,5.0095830230649305,2.954422950054456,-83.94243057608577,3.0841911651355605
1667710246000152600,232.46015258789063,238.7044515479356,1.087995468716281,22.68141652814882,35.9570915783661,270.1144513953477,61.466461112678026,4.994388160687008,2.98003757244406,-83.94240790897386,2.9301294211044424
1667710247000153000,233.46015307617188,238.93800661340356,1.0212607601080574,21.778420815595123,35.95711135062585,270.34800646081567,52.920526964755965,4.973388937442251,3.0149526546391856,-83.94238649689424,2.9561826066127255
1667710248000155000,234.46015478515625,239.67443253379315,1.081123497374039,21.804500154688306,35.95712711442486,271.08443238120526,55.92844488103444,4.955154415269548,3.0448286903573965,-83.94235674058736,2.9931803618903836
1667710249000156000,235.46015600585937,239.01623617112637,0.971280471046648,19.81131992571792,35.95714559495388,270.4262360185385,59.16899441785872,4.9492857770171295,3.054358742879556,-83.94232199702762,3.3145774177437426
1667710250000157200,236.4601572265625,238.39560762234032,1.0652334958703658,22.904677629214547,35.957158781054595,269.80560746975243,63.27527800226145,4.966449994702387,3.0263693566565033,-83.94229059773531,3.072372566382797
1667710251000158200,237.460158203125,237.9774234769866,1.1814282428722416,22.968363080385902,35.95716016299261,269.3874233243987,71.76593452597199,4.950010300778859,3.0531844122116203,-83.94225280207301,2.9683167986227414
1667710252000159000,238.46015893554687,238.68631364032626,1.2104804826358537,22.06697684347119,35.95716744510635,270.09631348773837,75.5774328090478,4.957621835769112,3.0408095577155323,-83.94221697191185,3.0990316207308664
1667710253000160300,239.46016015625,238.28545746672899,1.0589588854706524,21.303134839971445,35.957177966293294,269.6954573141411,69.46732552697189,4.919871905258964,3.101515350378321,-83.94219813786748,2.5750105000792236
1667710254000161500,240.46016162109376,238.55505528580397,1.1716462627188622,21.77863313629894,35.957184224636904,269.9650551332161,70.88440167692013,4.933945895832274,3.0790769606797257,-83.94216563113315,2.683935057782295
1667710255000162600,241.46016259765625,239.24447786901146,1.1090202486964629,21.07338239969078,35.95719643669011,270.65447771642357,70.70973520974661,4.946310477786821,3.0591746746671955,-83.94213054674915,2.9079929700771854
1667710256000163300,242.46016333007813,239.33043489884585,1.1783789871298558,21.60577882108104,35.95720546916058,270.74043474625796,72.36607763012614,4.958448594482036,3.0394612299991524,-83.94209578193401,3.1304350340568075
1667710257000165400,243.46016528320314,239.0352460546419,1.1843333351151744,22.667491734028165,35.95721383555883,270.445245902054,71.81202937289417,4.989332235390986,2.98849475115437,-83.94206760412246,3.131943214194559
1667710258000166700,244.46016674804687,239.00560447387397,1.1933499814578776,21.062156824332444,35.9572108667605,270.4156043212861,79.31204776811518,4.9873151079603915,2.99185979729981,-83.94203488174604,3.063572584051974
1667710259000167400,245.46016748046875,238.9969621784985,1.1702020465576484,23.784171018989593,35.957223992719456,270.4069620259106,72.20347880672392,5.025459878743657,2.9273349722788176,-83.94201084277682,2.956621873430939
1667710260000168000,246.46016796875,238.88124431483448,1.1775746768519952,23.828301800156915,35.9572311609817,270.2912441622466,72.199411594023,5.042676729944072,2.897576302717394,-83.94197889832334,2.990307748280325
1667710261000168700,247.46016870117188,239.08868439588696,1.061925713674121,24.69399533913233,35.95724722453556,270.49868424329907,61.50348346296347,5.040456643498692,2.9014365162447944,-83.94196245859125,2.8141609807847576
1667710262000170200,248.46017016601562,238.97637296561152,1.2001020625847632,20.59899996519542,35.95724187556549,270.3863728130236,78.07469647431742,5.028421264824423,2.922245132813192,-83.94191997528615,3.055411304640778
1667710263000171300,249.46017114257813,239.4116829400882,1.2413364394415785,24.35305013244454,35.95725748375418,270.8216827875003,71.97922168210167,5.08144791926432,2.829032356936406,-83.94189116809417,3.0604735170189303
1667710264000172800,250.4601728515625,239.28490889072418,1.1013373866968412,20.94009703197304,35.957270445039924,270.6949087381363,69.03253289986584,5.024787796030421,2.9284884561241786,-83.94186170933611,3.1617556052780778
1667710265000173600,251.46017358398439,239.0927047021687,1.0433284508487215,21.908118980676186,35.95728176142209,270.5027045495808,67.85260410535304,5.012054873925239,2.9502276138547496,-83.94184149621631,2.8738197235749805
1667710266000175000,252.46017504882812,239.41674238443375,1.1039612907109175,21.86310515358606,35.95729665400873,270.82674223184586,67.29988279815906,5.004131585341969,2.9636470959565524,-83.94181487657211,2.935940703793399
1667710267000175400,253.46017529296876,239.7517529958859,1.178319769199983,21.47522817400286,35.95729430247967,271.161752843298,77.7707389478771,5.003255025156232,2.9651266728485224,-83.94178240742521,2.9335718987980948
1667710268000176400,254.46017626953125,239.66331955976784,1.1750395314092006,21.452216126898144,35.95730398325191,271.07331940717995,73.91354037271518,4.973653147174409,3.0145167779249356,-83.94175098951992,2.9984334186349684
1667710269000177700,255.460177734375,239.69741932488978,1.2338143752673545,21.696362881233316,35.95730670679207,271.1074191723019,75.45740518873403,4.976679815847877,3.0095174103701714,-83.94172234164645,3.0579212910333102
1667710270000178700,256.4601787109375,239.97630250640213,1.198230138735905,22.322977501053984,35.95731893605877,271.38630235381424,67.76055619477007,4.95085776778589,3.0518100196347326,-83.94170243196739,2.7804459674227497
1667710271000180000,257.46017993164065,239.8251487184316,0.9184518914991154,21.515090581833142,35.95733320189985,271.2351485658437,64.03807122946219,4.95099030011496,3.0515950060511647,-83.94167232260955,2.8571238833918655
1667710272000144400,258.46014428710936,239.64816162269562,1.099427292906376,22.182311463585098,35.95733980681103,271.05816147010773,69.64580198898874,4.9611408294197625,3.035064859842872,-83.94163955646425,3.0187228549537473
1667710273000145000,259.46014477539063,239.92823532223701,1.172388960728411,23.24895385300944,35.95734732935335,271.3382351696491,69.91894286259384,4.983625995241581,2.9980008292762705,-83.94160549054752,3.0357140253913144
1667710274000148500,260.4601484375,239.71062487829477,0.9834130075231332,22.670133499455698,35.957358690559985,271.1206247257069,68.31629455357353,4.986446512677013,2.9933072359849886,-83.94157802508776,2.9792998683420313
1667710275000143000,261.46014306640626,239.90013016946614,1.0419332985424508,23.84888554333545,35.95737859080774,271.31013001687825,61.134790993148975,4.986186290649006,2.9937406881246,-83.9415579845742,2.898269787350372
1667710276000140000,262.46014013671873,240.2217626227066,1.0517619807214287,22.867452640536104,35.957378021439716,271.6317624701187,70.58421681934408,4.975923785495526,3.0107672632949742,-83.9415292016278,2.7350543317284783
1667710277000138000,263.46013793945315,241.27483420539647,1.1387143072363697,22.343968965568333,35.95738856369672,272.6848340528086,69.18716071126806,4.983799539764543,2.9977123244620327,-83.941499828643,2.840264732667742
1667710278000134100,264.46013403320313,240.5823790160939,1.1467429514621978,21.225836732931928,35.95739238194419,271.992378863506,70.63404820166164,4.9751492748159105,3.0120469329158133,-83.94146526670448,2.910047644994113
1667710279000130300,265.4601303710937,240.5061071254313,0.9479449814871131,22.40649082901294,35.957404558133234,271.9161069728434,66.14826578183443,4.985253519028565,2.995293705766122,-83.94143790511258,2.821309224869401
1667710280000127200,266.46012719726565,240.6712683495134,1.0763477243555126,22.727935599533566,35.95741855735451,272.0812681969255,60.270760668784085,4.970819702565274,3.0191867311210996,-83.9414131881531,2.7380096534371146
1667710281000124400,267.46012451171873,240.72590990643948,0.977756359523029,20.48527837331446,35.95742789550799,272.1359097538516,63.63862052447519,4.941404393647534,3.067093029438411,-83.94138210769468,2.828333503962009
1667710282000122000,268.4601220703125,241.02878354862332,0.893610168175265,22.798487839741995,35.95743876025302,272.43878339603543,62.483155971513355,4.947602864554777,3.057084056325276,-83.9413598566613,2.631832750578258
1667710283000119300,269.4601193847656,240.84154234826565,1.195002253696331,22.129514399064664,35.95744868852216,272.25154219567776,66.4759223729327,4.940555993486583,3.0684594682043063,-83.94133584246195,2.6947256819554464
1667710284000117800,270.46011767578125,241.11659695580602,1.1111030920555216,20.81598736917138,35.95745559537768,272.5265968032181,67.37283742668257,4.945020697620012,3.0612591090756327,-83.94130685597266,2.853030719956017
1667710285000115500,271.4601154785156,241.23131976183504,0.9634714588548925,21.622632295188136,35.957468616831534,272.64131960924715,65.15306560796628,4.923362429203558,3.0959714829913536,-83.94127582766926,2.8239973212834273
1667710286000113400,272.4601135253906,241.97437375970185,1.1407861683605864,20.209613864506,35.9574753022219,273.38437360711396,68.3235404257321,4.908075719921635,3.120148996491122,-83.94124835029983,2.8598530442833483
1667710287000111600,273.46011157226565,241.30749507900327,1.1689182172241954,22.410540798816506,35.95748436931661,272.7174949264154,68.38606799528887,4.936356115363608,3.075211429333135,-83.9412172682929,2.97685215811297
1667710288000110000,274.4601101074219,241.7359682591632,1.210535596083353,25.710735069490244,35.957485015323805,273.1459681065753,69.00830152996487,4.934916252523688,3.077521504939713,-83.94119648044166,2.592104250798957
1667710289000108800,275.46010888671873,241.57779005076736,1.187226759284807,24.83967635958703,35.95749226870857,272.98778989817947,65.37082733290727,4.932900260547436,3.0807518647693573,-83.94118644830336,2.3803680159828895
1667710290000107500,276.460107421875,241.21897350531071,1.2583627091902405,22.903943510507823,35.957491731021754,272.6289733527228,73.80174486514846,4.965471890585563,3.0279738995892074,-83.94115471397289,2.631125419571773
1667710291000106000,277.46010595703126,241.71958495490253,1.0661846230653793,22.997040246614084,35.95749966392182,273.12958480231464,72.01751117775429,4.978021062052052,3.007298345451444,-83.94112651802598,2.7294305195458834
1667710292000105000,278.46010498046877,241.66523426119238,1.0728500051894256,22.612600734177146,35.95750875565115,273.0752341086045,67.8936787414546,4.963964634506841,3.0304442149879938,-83.9411009936427,2.742534631276996
1667710293000104200,279.4601042480469,242.12133682146668,1.1942859291666956,24.023009807874566,35.95751354563643,273.5313366688788,68.31711293334907,4.959840568043812,3.0371892552779247,-83.94107046276895,2.539601113674176
1667710294000107300,280.46010717773436,241.11337625794113,1.089512201061115,23.100920961634696,35.95752591062205,272.52337610535324,64.04395120434535,4.955692661231887,3.0439525752220997,-83.94104667161885,2.4455829135270553
1667710295000103000,281.46010302734373,241.71817230526358,1.1916017783132464,23.364665643896608,35.95753225204052,273.1281721526757,64.610600364614,4.953083167651078,3.0481968714504633,-83.9410206235798,2.5657448719230334
1667710296000102400,282.46010229492185,241.59524198435247,1.1156159518115691,22.23305671643497,35.95753223646249,273.0052418317646,67.87559021523914,4.935344732177595,3.0768343158765803,-83.94099527168582,2.520057677823239
1667710297000101600,283.4601015625,241.94928259775043,0.9355991564631523,21.11342365376475,35.95754803463041,273.35928244516253,64.35172760331828,4.922221998055167,3.097784310543689,-83.94097118695485,2.6913264516498305
1667710298000101000,284.46010107421876,241.82636908441782,0.9404268466107617,22.16238009503632,35.95756011691857,273.23636893182993,65.19048087933625,4.937996555538427,3.072576614224529,-83.9409424831877,2.8143759644525956
1667710299000100600,285.4601005859375,241.84145827777684,1.078892983540155,21.983004170222618,35.957577208096744,273.25145812518895,63.52080553714422,4.945563029085842,3.0603828777014335,-83.94091113537026,2.959195525118575
1667710300000100600,286.4601005859375,242.0625894246623,1.115549043418622,22.571120947355386,35.95758986287152,273.4725892720744,61.57413699700408,4.9406125451913,3.0683684118904595,-83.94088489506134,2.8856380359026095
1667710301000100000,287.46010009765627,242.54478811565787,1.180630365300612,21.477506071095657,35.95759671353812,273.95478796307,64.88448542188507,4.9404430774749875,3.0686412678933825,-83.9408516508022,3.09320065840181
1667710302000099800,288.4600998535156,243.26749620959163,1.1518575258084638,23.21779163969939,35.9576119790063,274.67749605700374,61.51484587219823,4.9671102911203855,3.0252855053093417,-83.9408285882197,3.0627385386866535
1667710303000099600,289.460099609375,242.22745002433658,0.9456494170736214,20.830430364511535,35.95762312272645,273.6374498717487,63.73920960507009,4.947328674896439,3.057527761989461,-83.94079825065403,3.0356180515886897
1667710304000099600,290.460099609375,242.58395374473184,0.974332716114272,22.495664073299924,35.95763678770244,273.99395359214395,61.50060234212951,4.951896733290546,3.0501238951254512,-83.94077416567465,2.7877071538040212
1667710305000099600,291.460099609375,242.89238046854734,1.1612624794869744,25.827641914994135,35.957645464906854,274.30238031595945,62.77933649163254,4.97863982385179,3.0062738626322543,-83.94075117951253,2.4767928754089543
1667710306000100400,292.4601003417969,242.8812878811732,1.2768677741641203,24.979765302991076,35.95765575928847,274.2912877285853,67.80118841988366,5.015253541918174,2.9447867398278675,-83.9407231290744,2.6586710317376525
1667710307000100000,293.46010009765627,243.22410550061613,1.167510402533781,24.257733057445638,35.95766338439443,274.63410534802824,70.62590200802289,5.059427751772048,2.868227302252678,-83.94069902411579,2.8197733312982365
1667710308000099600,294.460099609375,244.2859969381243,1.176773475202478,25.26925224584799,35.95767768449125,275.6959967855364,69.00206411183594,5.133565797071543,2.7333201861337164,-83.94067212317391,2.9491539881068456
1667710309000100000,295.46010009765627,244.7586424993351,1.1124043268124444,28.301023009659932,35.95769151052017,276.1686423467472,49.138081800938636,4.9520406921966895,3.049890164516908,-83.94068605699209,2.069711246198704
1667710310000101600,296.4601015625,244.87918130960315,1.052423599210036,25.674946791824766,35.95769891057024,276.28918115701526,52.78263466204806,4.894466722576576,3.1414538886285364,-83.94066935387828,2.096951001622631
1667710311000101000,297.46010107421876,245.12545395921916,1.1156595583434967,26.351519995980734,35.957691214984244,276.53545380663127,63.7966692715971,4.8506936761593265,3.2086302206481756,-83.94064408694334,1.8793992818337921
1667710312000100900,298.46010083007815,244.91318379621953,1.1757335729081864,25.75705016755238,35.957690739995094,276.32318364363164,69.50856780998878,4.8371280503785234,3.229044635341869,-83.94063164633299,1.9386660997755985
1667710313000101000,299.46010107421876,243.44438690319657,1.1036792163345983,26.28628270812076,35.95770689105904,274.8543867506087,53.99350087468042,4.825273917498729,3.246731996006956,-83.94061745238399,1.9491073063909545
1667710314000101600,300.4601015625,243.43727114144713,1.0364978494830661,23.544670797157696,35.95770066550491,274.84727098885924,64.48357154485366,4.810424868285894,3.2686923408857975,-83.94059832926857,1.935713490526402
1667710315000102100,301.46010205078124,243.2816285090521,0.8367523582102758,26.859659236354116,35.95769624524478,274.6916283564642,75.39601115653785,4.806131014294882,3.275002550567202,-83.94058632309098,1.3018104253881764
